city,records,eps_km,min_samples,clusters,noise_count,noise_percentage,clustered_count,clustered_percentage,largest_cluster,smallest_cluster,median_cluster_size,largest_cluster_proportion
Chandigarh,2577,0.9,8,1,1,0.04,2576,99.96119518820333,2576,2576,2576.0,0.9996119518820333
Chandigarh,2577,0.95,8,1,0,0.0,2577,100.0,2577,2577,2577.0,1.0
Chandigarh,2577,1.0,8,1,0,0.0,2577,100.0,2577,2577,2577.0,1.0
Chandigarh,2577,1.05,8,1,0,0.0,2577,100.0,2577,2577,2577.0,1.0
Chandigarh,2577,1.1,8,1,0,0.0,2577,100.0,2577,2577,2577.0,1.0
Chandigarh,2577,1.15,8,1,0,0.0,2577,100.0,2577,2577,2577.0,1.0
Chandigarh,2577,1.2,8,1,0,0.0,2577,100.0,2577,2577,2577.0,1.0
Chandigarh,2577,1.25,8,1,0,0.0,2577,100.0,2577,2577,2577.0,1.0
Chandigarh,2577,1.3,8,1,0,0.0,2577,100.0,2577,2577,2577.0,1.0
Chandigarh,2577,1.35,8,1,0,0.0,2577,100.0,2577,2577,2577.0,1.0
Chandigarh,2577,1.4,8,1,0,0.0,2577,100.0,2577,2577,2577.0,1.0
Chandigarh,2577,1.45,8,1,0,0.0,2577,100.0,2577,2577,2577.0,1.0
Chandigarh,2577,1.5,8,1,0,0.0,2577,100.0,2577,2577,2577.0,1.0
Chandigarh,2577,1.55,8,1,0,0.0,2577,100.0,2577,2577,2577.0,1.0
Chandigarh,2577,1.6,8,1,0,0.0,2577,100.0,2577,2577,2577.0,1.0
Chandigarh,2577,1.65,8,1,0,0.0,2577,100.0,2577,2577,2577.0,1.0
Chandigarh,2577,1.7,8,1,0,0.0,2577,100.0,2577,2577,2577.0,1.0
Chandigarh,2577,1.75,8,1,0,0.0,2577,100.0,2577,2577,2577.0,1.0
Chandigarh,2577,1.8,8,1,0,0.0,2577,100.0,2577,2577,2577.0,1.0
Chandigarh,2577,1.85,8,1,0,0.0,2577,100.0,2577,2577,2577.0,1.0
Chandigarh,2577,1.9,8,1,0,0.0,2577,100.0,2577,2577,2577.0,1.0
Chandigarh,2577,1.95,8,1,0,0.0,2577,100.0,2577,2577,2577.0,1.0
Chandigarh,2577,2.0,8,1,0,0.0,2577,100.0,2577,2577,2577.0,1.0
Chandigarh,2577,2.05,8,1,0,0.0,2577,100.0,2577,2577,2577.0,1.0
Chandigarh,2577,2.1,8,1,0,0.0,2577,100.0,2577,2577,2577.0,1.0
Chandigarh,2577,0.9,10,1,6,0.23,2571,99.76717112922002,2571,2571,2571.0,0.9976717112922002
Chandigarh,2577,0.95,10,1,1,0.04,2576,99.96119518820333,2576,2576,2576.0,0.9996119518820333
Chandigarh,2577,1.0,10,1,0,0.0,2577,100.0,2577,2577,2577.0,1.0
Chandigarh,2577,1.05,10,1,0,0.0,2577,100.0,2577,2577,2577.0,1.0
Chandigarh,2577,1.1,10,1,0,0.0,2577,100.0,2577,2577,2577.0,1.0
Chandigarh,2577,1.15,10,1,0,0.0,2577,100.0,2577,2577,2577.0,1.0
Chandigarh,2577,1.2,10,1,0,0.0,2577,100.0,2577,2577,2577.0,1.0
Chandigarh,2577,1.25,10,1,0,0.0,2577,100.0,2577,2577,2577.0,1.0
Chandigarh,2577,1.3,10,1,0,0.0,2577,100.0,2577,2577,2577.0,1.0
Chandigarh,2577,1.35,10,1,0,0.0,2577,100.0,2577,2577,2577.0,1.0
Chandigarh,2577,1.4,10,1,0,0.0,2577,100.0,2577,2577,2577.0,1.0
Chandigarh,2577,1.45,10,1,0,0.0,2577,100.0,2577,2577,2577.0,1.0
Chandigarh,2577,1.5,10,1,0,0.0,2577,100.0,2577,2577,2577.0,1.0
Chandigarh,2577,1.55,10,1,0,0.0,2577,100.0,2577,2577,2577.0,1.0
Chandigarh,2577,1.6,10,1,0,0.0,2577,100.0,2577,2577,2577.0,1.0
Chandigarh,2577,1.65,10,1,0,0.0,2577,100.0,2577,2577,2577.0,1.0
Chandigarh,2577,1.7,10,1,0,0.0,2577,100.0,2577,2577,2577.0,1.0
Chandigarh,2577,1.75,10,1,0,0.0,2577,100.0,2577,2577,2577.0,1.0
Chandigarh,2577,1.8,10,1,0,0.0,2577,100.0,2577,2577,2577.0,1.0
Chandigarh,2577,1.85,10,1,0,0.0,2577,100.0,2577,2577,2577.0,1.0
Chandigarh,2577,1.9,10,1,0,0.0,2577,100.0,2577,2577,2577.0,1.0
Chandigarh,2577,1.95,10,1,0,0.0,2577,100.0,2577,2577,2577.0,1.0
Chandigarh,2577,2.0,10,1,0,0.0,2577,100.0,2577,2577,2577.0,1.0
Chandigarh,2577,2.05,10,1,0,0.0,2577,100.0,2577,2577,2577.0,1.0
Chandigarh,2577,2.1,10,1,0,0.0,2577,100.0,2577,2577,2577.0,1.0
Chandigarh,2577,0.9,12,1,24,0.93,2553,99.0686845168801,2553,2553,2553.0,0.9906868451688009
Chandigarh,2577,0.95,12,1,6,0.23,2571,99.76717112922002,2571,2571,2571.0,0.9976717112922002
Chandigarh,2577,1.0,12,1,0,0.0,2577,100.0,2577,2577,2577.0,1.0
Chandigarh,2577,1.05,12,1,0,0.0,2577,100.0,2577,2577,2577.0,1.0
Chandigarh,2577,1.1,12,1,0,0.0,2577,100.0,2577,2577,2577.0,1.0
Chandigarh,2577,1.15,12,1,0,0.0,2577,100.0,2577,2577,2577.0,1.0
Chandigarh,2577,1.2,12,1,0,0.0,2577,100.0,2577,2577,2577.0,1.0
Chandigarh,2577,1.25,12,1,0,0.0,2577,100.0,2577,2577,2577.0,1.0
Chandigarh,2577,1.3,12,1,0,0.0,2577,100.0,2577,2577,2577.0,1.0
Chandigarh,2577,1.35,12,1,0,0.0,2577,100.0,2577,2577,2577.0,1.0
Chandigarh,2577,1.4,12,1,0,0.0,2577,100.0,2577,2577,2577.0,1.0
Chandigarh,2577,1.45,12,1,0,0.0,2577,100.0,2577,2577,2577.0,1.0
Chandigarh,2577,1.5,12,1,0,0.0,2577,100.0,2577,2577,2577.0,1.0
Chandigarh,2577,1.55,12,1,0,0.0,2577,100.0,2577,2577,2577.0,1.0
Chandigarh,2577,1.6,12,1,0,0.0,2577,100.0,2577,2577,2577.0,1.0
Chandigarh,2577,1.65,12,1,0,0.0,2577,100.0,2577,2577,2577.0,1.0
Chandigarh,2577,1.7,12,1,0,0.0,2577,100.0,2577,2577,2577.0,1.0
Chandigarh,2577,1.75,12,1,0,0.0,2577,100.0,2577,2577,2577.0,1.0
Chandigarh,2577,1.8,12,1,0,0.0,2577,100.0,2577,2577,2577.0,1.0
Chandigarh,2577,1.85,12,1,0,0.0,2577,100.0,2577,2577,2577.0,1.0
Chandigarh,2577,1.9,12,1,0,0.0,2577,100.0,2577,2577,2577.0,1.0
Chandigarh,2577,1.95,12,1,0,0.0,2577,100.0,2577,2577,2577.0,1.0
Chandigarh,2577,2.0,12,1,0,0.0,2577,100.0,2577,2577,2577.0,1.0
Chandigarh,2577,2.05,12,1,0,0.0,2577,100.0,2577,2577,2577.0,1.0
Chandigarh,2577,2.1,12,1,0,0.0,2577,100.0,2577,2577,2577.0,1.0
Chandigarh,2577,0.9,15,7,116,4.5,2461,95.49864183158712,1978,12,59.0,0.76755917733799
Chandigarh,2577,0.95,15,2,37,1.44,2540,98.56422196352348,2477,63,1270.0,0.9611951882033372
Chandigarh,2577,1.0,15,1,12,0.47,2565,99.53434225844005,2565,2565,2565.0,0.9953434225844005
Chandigarh,2577,1.05,15,1,6,0.23,2571,99.76717112922002,2571,2571,2571.0,0.9976717112922002
Chandigarh,2577,1.1,15,1,0,0.0,2577,100.0,2577,2577,2577.0,1.0
Chandigarh,2577,1.15,15,1,0,0.0,2577,100.0,2577,2577,2577.0,1.0
Chandigarh,2577,1.2,15,1,0,0.0,2577,100.0,2577,2577,2577.0,1.0
Chandigarh,2577,1.25,15,1,0,0.0,2577,100.0,2577,2577,2577.0,1.0
Chandigarh,2577,1.3,15,1,0,0.0,2577,100.0,2577,2577,2577.0,1.0
Chandigarh,2577,1.35,15,1,0,0.0,2577,100.0,2577,2577,2577.0,1.0
Chandigarh,2577,1.4,15,1,0,0.0,2577,100.0,2577,2577,2577.0,1.0
Chandigarh,2577,1.45,15,1,0,0.0,2577,100.0,2577,2577,2577.0,1.0
Chandigarh,2577,1.5,15,1,0,0.0,2577,100.0,2577,2577,2577.0,1.0
Chandigarh,2577,1.55,15,1,0,0.0,2577,100.0,2577,2577,2577.0,1.0
Chandigarh,2577,1.6,15,1,0,0.0,2577,100.0,2577,2577,2577.0,1.0
Chandigarh,2577,1.65,15,1,0,0.0,2577,100.0,2577,2577,2577.0,1.0
Chandigarh,2577,1.7,15,1,0,0.0,2577,100.0,2577,2577,2577.0,1.0
Chandigarh,2577,1.75,15,1,0,0.0,2577,100.0,2577,2577,2577.0,1.0
Chandigarh,2577,1.8,15,1,0,0.0,2577,100.0,2577,2577,2577.0,1.0
Chandigarh,2577,1.85,15,1,0,0.0,2577,100.0,2577,2577,2577.0,1.0
Chandigarh,2577,1.9,15,1,0,0.0,2577,100.0,2577,2577,2577.0,1.0
Chandigarh,2577,1.95,15,1,0,0.0,2577,100.0,2577,2577,2577.0,1.0
Chandigarh,2577,2.0,15,1,0,0.0,2577,100.0,2577,2577,2577.0,1.0
Chandigarh,2577,2.05,15,1,0,0.0,2577,100.0,2577,2577,2577.0,1.0
Chandigarh,2577,2.1,15,1,0,0.0,2577,100.0,2577,2577,2577.0,1.0
