dbscan_cluster,city,accident_count,mean_risk_score,median_risk_score,total_casualties,mean_casualties,fatal_accidents,major_accidents,minor_accidents,fatal_percentage,centroid_latitude,centroid_longitude
0,Bangalore,187,0.4149732620320856,0.45,343,1.8342245989304813,23,63,101,12.299465240641712,12.947697208556152,77.62264565240642
1,Bangalore,53,0.4528301886792453,0.45,84,1.5849056603773586,4,12,37,7.547169811320755,12.8684900754717,77.68642050943396
2,Bangalore,122,0.4586065573770492,0.45,200,1.639344262295082,22,23,77,18.0327868852459,12.82719462295082,77.4950228852459
3,Bangalore,30,0.43833333333333335,0.45,55,1.8333333333333333,4,5,21,13.333333333333334,13.030270433333333,77.66868846666667
4,Bangalore,127,0.4562992125984252,0.45,222,1.7480314960629921,27,41,59,21.25984251968504,13.088763338582677,77.77189239370078
5,Bangalore,106,0.43066037735849055,0.45,188,1.7735849056603774,14,27,65,13.20754716981132,13.08712662264151,77.52766598113207
6,Bangalore,205,0.43243902439024395,0.45,342,1.6682926829268292,29,65,111,14.146341463414632,13.11939124390244,77.59907722926829
7,Bangalore,14,0.42142857142857143,0.45,18,1.2857142857142858,0,8,6,0.0,13.1393925,77.70980678571428
8,Bangalore,25,0.406,0.45,24,0.96,1,7,17,4.0,13.015168639999999,77.5111166
9,Bangalore,29,0.4689655172413793,0.45,53,1.8275862068965518,4,11,14,13.793103448275861,12.933624068965518,77.55896675862068
10,Bangalore,15,0.46,0.45,24,1.6,4,4,7,26.666666666666668,13.1328874,77.67453086666666
11,Bangalore,53,0.4867924528301887,0.45,74,1.3962264150943395,6,16,31,11.320754716981133,13.007453924528301,77.54970718867925
12,Bangalore,47,0.4404255319148936,0.45,86,1.8297872340425532,6,16,25,12.76595744680851,12.819719957446809,77.63639491489361
13,Bangalore,17,0.37058823529411766,0.45,23,1.3529411764705883,1,4,12,5.88235294117647,13.117393823529412,77.7270405882353
14,Bangalore,193,0.4121761658031088,0.45,350,1.8134715025906736,34,57,102,17.616580310880828,12.881890808290155,77.75054448704662
15,Bangalore,74,0.4337837837837838,0.45,122,1.6486486486486487,12,23,39,16.216216216216218,13.176591972972973,77.44725224324324
16,Bangalore,48,0.45416666666666666,0.45,81,1.6875,9,17,22,18.75,12.987956875,77.45374658333334
17,Bangalore,52,0.42980769230769234,0.45,94,1.8076923076923077,7,17,28,13.461538461538462,13.069299903846154,77.71259626923077
18,Bangalore,59,0.3889830508474576,0.45,103,1.7457627118644068,5,15,39,8.47457627118644,13.074963711864408,77.64640130508474
19,Bangalore,42,0.4095238095238095,0.45,68,1.619047619047619,8,13,21,19.047619047619047,12.930677595238096,77.48603892857143
20,Bangalore,22,0.3795454545454545,0.45,38,1.7272727272727273,2,7,13,9.090909090909092,13.129988954545455,77.47106145454546
21,Bangalore,30,0.43333333333333335,0.45,60,2.0,7,4,19,23.333333333333332,13.181139733333334,77.70296716666667
22,Bangalore,18,0.4666666666666667,0.45,36,2.0,3,4,11,16.666666666666664,12.960958833333333,77.69306399999999
23,Bangalore,64,0.4625,0.45,110,1.71875,13,12,39,20.3125,13.08184353125,77.4288565625
24,Bangalore,41,0.45365853658536587,0.45,67,1.6341463414634145,5,13,23,12.195121951219512,12.889713975609755,77.49672568292684
25,Bangalore,34,0.43676470588235294,0.45,53,1.5588235294117647,3,8,23,8.823529411764707,12.99329711764706,77.41700102941176
26,Bangalore,28,0.46071428571428574,0.45,50,1.7857142857142858,6,10,12,21.428571428571427,12.93310657142857,77.42119278571428
27,Bangalore,27,0.38148148148148153,0.45,41,1.5185185185185186,2,6,19,7.4074074074074066,12.846375222222221,77.41799051851851
28,Bangalore,21,0.5357142857142857,0.45,31,1.4761904761904763,3,7,11,14.285714285714285,13.003965095238094,77.71587014285714
29,Bangalore,25,0.48,0.45,49,1.96,6,7,12,24.0,12.91206332,77.59509924
30,Bangalore,23,0.41086956521739126,0.45,40,1.7391304347826086,3,5,15,13.043478260869565,13.159509608695652,77.73825626086956
31,Bangalore,25,0.462,0.45,42,1.68,3,8,14,12.0,12.887994639999999,77.43502416
32,Bangalore,25,0.462,0.45,43,1.72,6,9,10,24.0,12.819383,77.57454272
33,Bangalore,16,0.33125,0.275,32,2.0,3,4,9,18.75,12.86323225,77.59442824999999
34,Bangalore,12,0.3958333333333333,0.375,22,1.8333333333333333,1,6,5,8.333333333333332,12.859303500000001,77.56240025
35,Bangalore,9,0.4833333333333333,0.45,9,1.0,1,2,6,11.11111111111111,12.845848333333333,77.65193044444443
36,Bangalore,34,0.41029411764705886,0.45,43,1.2647058823529411,7,9,18,20.588235294117645,12.988560735294117,77.7799108235294
37,Bangalore,13,0.4115384615384616,0.45,23,1.7692307692307692,2,5,6,15.384615384615385,12.921279923076924,77.45428407692307
38,Bangalore,15,0.4666666666666667,0.45,24,1.6,3,6,6,20.0,13.111642333333332,77.6615744
39,Bangalore,15,0.4666666666666667,0.45,23,1.5333333333333334,1,9,5,6.666666666666667,13.079557866666667,77.47255733333333
40,Bangalore,10,0.465,0.6,16,1.6,2,0,8,20.0,13.1244852,77.4098628
41,Bangalore,11,0.4727272727272727,0.45,10,0.9090909090909091,1,3,7,9.090909090909092,13.191374454545455,77.57871
42,Bangalore,8,0.64375,0.625,20,2.5,3,3,2,37.5,12.880907500000001,77.574325375
43,Bangalore,8,0.55,0.55,15,1.875,4,1,3,50.0,12.912249125,77.538645125
44,Bangalore,4,0.2375,0.275,6,1.5,0,2,2,0.0,13.14184275,77.44106625
45,Bangalore,15,0.5466666666666667,0.5,18,1.2,5,3,7,33.33333333333333,12.9212978,77.67841293333332
46,Bangalore,9,0.4166666666666667,0.45,13,1.4444444444444444,3,2,4,33.33333333333333,12.954371444444444,77.51430311111112
47,Chennai,11,0.4954545454545455,0.6,22,2.0,1,3,7,9.090909090909092,12.844203272727272,80.17178845454545
48,Chennai,28,0.41785714285714287,0.45,50,1.7857142857142858,4,13,11,14.285714285714285,12.856930821428572,80.19537939285715
49,Chennai,172,0.45494186046511625,0.45,311,1.808139534883721,32,47,93,18.6046511627907,12.899830011627907,80.16449947674418
50,Chennai,211,0.4552132701421801,0.45,345,1.6350710900473933,32,61,118,15.165876777251185,12.969524293838862,80.25325986255923
51,Chennai,30,0.4683333333333334,0.45,52,1.7333333333333334,4,10,16,13.333333333333334,13.182041400000001,80.11255516666667
52,Chennai,237,0.41708860759493677,0.45,400,1.6877637130801688,38,80,119,16.033755274261605,13.126401210970464,80.13872071729959
53,Chennai,88,0.4602272727272727,0.45,160,1.8181818181818181,16,23,49,18.181818181818183,12.913352488636365,80.22049765909091
54,Chennai,79,0.40379746835443037,0.45,117,1.481012658227848,8,28,43,10.126582278481013,12.882011898734177,80.12818681012659
55,Chennai,43,0.40813953488372096,0.45,91,2.116279069767442,7,14,22,16.27906976744186,12.81382023255814,80.26175960465116
56,Chennai,147,0.4687074829931973,0.45,284,1.9319727891156462,28,46,73,19.047619047619047,13.16981506122449,80.19112854421769
57,Chennai,25,0.41600000000000004,0.45,44,1.76,3,4,18,12.0,12.883691879999999,80.279731
58,Chennai,35,0.5057142857142857,0.45,55,1.5714285714285714,8,8,19,22.857142857142858,12.815399000000001,80.19997677142857
59,Chennai,48,0.3979166666666667,0.45,84,1.75,9,17,22,18.75,12.864256270833332,80.23475614583333
60,Chennai,146,0.4445205479452055,0.45,240,1.643835616438356,25,47,74,17.123287671232877,13.065147773972603,80.2349011780822
61,Chennai,72,0.4048611111111111,0.45,135,1.875,9,13,50,12.5,12.823265805555556,80.14395481944445
62,Chennai,24,0.45625,0.45,54,2.25,5,5,14,20.833333333333336,12.916610583333332,80.11178475
63,Chennai,30,0.44333333333333336,0.45,66,2.2,4,5,21,13.333333333333334,12.885671333333333,80.24713873333333
64,Chennai,28,0.4357142857142858,0.45,39,1.3928571428571428,5,6,17,17.857142857142858,12.981035285714286,80.12494989285713
65,Chennai,24,0.49791666666666673,0.45,43,1.7916666666666667,4,4,16,16.666666666666664,13.04105025,80.156366875
66,Chennai,13,0.46923076923076923,0.45,16,1.2307692307692308,1,5,7,7.6923076923076925,13.018409692307692,80.17266530769231
67,Chennai,27,0.34629629629629627,0.3,52,1.9259259259259258,1,12,14,3.7037037037037033,12.995511296296296,80.15944825925926
68,Chennai,23,0.508695652173913,0.45,42,1.826086956521739,6,6,11,26.08695652173913,13.03572847826087,80.28381647826087
69,Chennai,16,0.38125000000000003,0.45,26,1.625,1,5,10,6.25,13.0861633125,80.113784125
70,Chennai,14,0.46071428571428574,0.45,26,1.8571428571428572,1,6,7,7.142857142857142,12.828210785714287,80.1795935
71,Chennai,14,0.42857142857142855,0.45,32,2.2857142857142856,1,4,9,7.142857142857142,12.949549214285714,80.19491971428572
72,Chennai,23,0.5065217391304347,0.45,44,1.9130434782608696,4,7,12,17.391304347826086,13.068727434782609,80.27207343478261
73,Chennai,15,0.5333333333333333,0.45,17,1.1333333333333333,3,7,5,20.0,13.023375266666667,80.24266613333333
74,Chennai,19,0.46315789473684216,0.45,22,1.1578947368421053,3,7,9,15.789473684210526,13.188791210526315,80.22133505263157
75,Chennai,18,0.4583333333333333,0.45,36,2.0,1,9,8,5.555555555555555,13.058407944444445,80.11187111111111
76,Chennai,20,0.4425,0.45,38,1.9,1,5,14,5.0,12.913819649999999,80.26690025
77,Chennai,93,0.4134408602150538,0.45,163,1.7526881720430108,10,34,49,10.75268817204301,13.141166397849462,80.26590924731182
78,Chennai,5,0.47000000000000003,0.45,11,2.2,1,3,1,20.0,13.021154,80.2249722
79,Chennai,21,0.4166666666666667,0.45,52,2.4761904761904763,5,7,9,23.809523809523807,13.096895476190477,80.26815723809524
80,Chennai,13,0.3692307692307692,0.45,28,2.1538461538461537,1,6,6,7.6923076923076925,12.967397153846154,80.27716292307693
81,Chennai,12,0.525,0.45,17,1.4166666666666667,2,4,6,16.666666666666664,12.852649083333333,80.29175058333333
82,Chennai,11,0.5,0.45,19,1.7272727272727273,0,8,3,0.0,13.015262545454545,80.15124863636363
83,Chennai,37,0.42702702702702705,0.45,72,1.945945945945946,4,8,25,10.81081081081081,12.820892324324324,80.22830378378379
84,Chennai,8,0.5125000000000001,0.475,16,2.0,1,3,4,12.5,12.850176874999999,80.10670075
85,Chennai,17,0.3411764705882353,0.3,32,1.8823529411764706,1,6,10,5.88235294117647,13.181929294117646,80.25991147058824
86,Chennai,10,0.34500000000000003,0.35,22,2.2,1,2,7,10.0,13.075542899999999,80.29427000000001
87,Chennai,9,0.29444444444444445,0.25,22,2.4444444444444446,0,3,6,0.0,12.971904444444444,80.17404344444445
88,Chennai,11,0.3772727272727273,0.45,22,2.0,2,5,4,18.181818181818183,12.96424409090909,80.14625027272727
89,Chennai,8,0.55625,0.525,13,1.625,1,2,5,12.5,13.029819875,80.189213125
90,Chennai,13,0.33076923076923076,0.25,29,2.230769230769231,2,3,8,15.384615384615385,13.109406230769231,80.18782769230769
91,Chennai,14,0.42142857142857143,0.45,26,1.8571428571428572,2,5,7,14.285714285714285,13.005835571428571,80.11827671428571
92,Chennai,13,0.4846153846153846,0.45,26,2.0,2,2,9,15.384615384615385,12.945563307692309,80.11831192307692
93,Chennai,8,0.40625,0.45,13,1.625,0,6,2,0.0,13.063611,80.135425625
94,Chennai,14,0.3464285714285714,0.375,30,2.142857142857143,5,1,8,35.714285714285715,13.038463285714286,80.12450714285714
95,Chennai,22,0.45454545454545453,0.45,51,2.3181818181818183,5,9,8,22.727272727272727,13.058931681818182,80.17885209090909
96,Chennai,18,0.4222222222222223,0.45,29,1.6111111111111112,1,5,12,5.555555555555555,13.123039166666667,80.22985305555557
97,Chennai,18,0.4277777777777778,0.45,31,1.7222222222222223,2,6,10,11.11111111111111,12.995965722222222,80.19029855555556
98,Chennai,5,0.55,0.6,7,1.4,0,4,1,0.0,13.133244600000001,80.2139818
99,Chennai,6,0.25,0.2,6,1.0,0,4,2,0.0,13.108718000000001,80.205929
100,Chennai,11,0.5499999999999999,0.45,22,2.0,2,3,6,18.181818181818183,12.980786636363637,80.29595436363637
101,Chennai,11,0.40454545454545454,0.45,25,2.272727272727273,1,2,8,9.090909090909092,13.194394181818183,80.24646872727273
102,Chennai,16,0.38125000000000003,0.25,30,1.875,2,7,7,12.5,12.9076890625,80.28879675
103,Chennai,10,0.43,0.45,14,1.4,3,2,5,30.0,12.849382,80.2103257
104,Chennai,11,0.4727272727272727,0.45,17,1.5454545454545454,1,6,4,9.090909090909092,13.152523363636364,80.28388318181818
105,Chennai,9,0.6000000000000001,0.6,13,1.4444444444444444,1,4,4,11.11111111111111,12.805928222222223,80.29259466666667
106,Chennai,2,0.375,0.375,1,0.5,0,1,1,0.0,12.9518,80.150476
107,Chennai,9,0.5,0.45,12,1.3333333333333333,0,5,4,0.0,12.968914666666667,80.194285
108,Chennai,6,0.3333333333333333,0.275,10,1.6666666666666667,1,1,4,16.666666666666664,12.869908833333334,80.29227066666667
109,Chennai,5,0.22999999999999998,0.25,10,2.0,0,3,2,0.0,13.179039399999999,80.23721520000001
110,Delhi,61,0.48606557377049187,0.45,105,1.721311475409836,10,15,36,16.39344262295082,28.686336606557376,77.08398340983607
111,Delhi,11,0.5409090909090909,0.6,23,2.090909090909091,5,2,4,45.45454545454545,28.81917390909091,77.29439463636363
112,Delhi,162,0.442283950617284,0.45,245,1.5123456790123457,21,45,96,12.962962962962962,28.673745358024693,77.20393919135802
113,Delhi,95,0.4310526315789474,0.45,164,1.7263157894736842,16,27,52,16.842105263157894,28.49992607368421,76.99588138947368
114,Delhi,117,0.45213675213675214,0.45,212,1.811965811965812,22,22,73,18.803418803418804,28.823061897435895,76.84917718803418
115,Delhi,113,0.4327433628318584,0.45,211,1.8672566371681416,18,28,67,15.929203539823009,28.799585495575222,77.04898701769912
116,Delhi,88,0.5034090909090909,0.45,164,1.8636363636363635,20,23,45,22.727272727272727,28.458245034090908,77.25286204545455
117,Delhi,276,0.43695652173913047,0.45,479,1.7355072463768115,49,81,146,17.753623188405797,28.654311648550724,76.87819536594203
118,Delhi,17,0.38823529411764707,0.45,24,1.411764705882353,2,9,6,11.76470588235294,28.73291076470588,77.00793552941177
119,Delhi,40,0.43375,0.45,79,1.975,2,14,24,5.0,28.86724185,77.102447175
120,Delhi,55,0.4681818181818182,0.45,95,1.7272727272727273,13,14,28,23.636363636363637,28.468658127272725,77.1347904909091
121,Delhi,77,0.42857142857142855,0.45,106,1.3766233766233766,12,21,44,15.584415584415584,28.57838777922078,77.16460194805195
122,Delhi,30,0.4483333333333333,0.45,50,1.6666666666666667,6,5,19,20.0,28.5040582,76.93560003333333
123,Delhi,32,0.4546875,0.45,71,2.21875,8,7,17,25.0,28.69143978125,76.96164203125
124,Delhi,35,0.4485714285714286,0.45,54,1.542857142857143,5,13,17,14.285714285714285,28.559469,77.0988238
125,Delhi,34,0.38235294117647056,0.45,61,1.7941176470588236,4,7,23,11.76470588235294,28.630270647058826,76.99717394117647
126,Delhi,10,0.33999999999999997,0.275,16,1.6,1,7,2,10.0,28.8247231,76.8750865
127,Delhi,32,0.4140625,0.45,78,2.4375,7,11,14,21.875,28.77903103125,77.16077828125
128,Delhi,42,0.44761904761904764,0.45,59,1.4047619047619047,7,11,24,16.666666666666664,28.74933083333333,77.22652504761905
129,Delhi,40,0.37375,0.45,74,1.85,1,14,25,2.5,28.872336625000003,77.196555675
130,Delhi,37,0.37432432432432433,0.3,58,1.5675675675675675,4,12,21,10.81081081081081,28.52450883783784,76.88999116216216
131,Delhi,17,0.43529411764705883,0.45,25,1.4705882352941178,4,3,10,23.52941176470588,28.499172235294118,77.08099870588235
132,Delhi,18,0.3111111111111111,0.275,32,1.7777777777777777,0,4,14,0.0,28.821807055555553,77.15317499999999
133,Delhi,42,0.40595238095238095,0.45,62,1.4761904761904763,5,9,28,11.904761904761903,28.44273954761905,77.19358854761904
134,Delhi,16,0.534375,0.5,34,2.125,4,6,6,25.0,28.88509375,77.00242056249999
135,Delhi,23,0.43695652173913047,0.45,29,1.2608695652173914,3,8,12,13.043478260869565,28.660829391304347,76.92801469565218
136,Delhi,27,0.5111111111111112,0.45,45,1.6666666666666667,7,6,14,25.925925925925924,28.417106222222223,76.9886065925926
137,Delhi,9,0.49444444444444446,0.65,16,1.7777777777777777,2,3,4,22.22222222222222,28.728838555555555,77.11186988888889
138,Delhi,20,0.48,0.45,24,1.2,2,4,14,10.0,28.53265705,77.04457465
139,Delhi,75,0.4026666666666667,0.45,126,1.68,6,26,43,8.0,28.803085773333333,76.94198668
140,Delhi,18,0.4388888888888889,0.45,27,1.5,2,4,12,11.11111111111111,28.503653666666665,77.17613977777778
141,Delhi,13,0.46923076923076923,0.45,23,1.7692307692307692,4,5,4,30.76923076923077,28.46311246153846,77.07013276923077
142,Delhi,25,0.402,0.45,44,1.76,3,8,14,12.0,28.79937544,77.247417
143,Delhi,58,0.38189655172413794,0.3,112,1.9310344827586208,11,18,29,18.96551724137931,28.45542870689655,76.89034656896551
144,Delhi,30,0.5066666666666667,0.45,50,1.6666666666666667,5,9,16,16.666666666666664,28.605316333333334,77.23443966666667
145,Delhi,14,0.44642857142857145,0.45,28,2.0,2,7,5,14.285714285714285,28.458263,76.81084278571429
146,Delhi,10,0.42000000000000004,0.45,15,1.5,1,2,7,10.0,28.7928104,77.2040466
147,Delhi,9,0.5333333333333333,0.45,19,2.111111111111111,1,2,6,11.11111111111111,28.699718888888885,77.29204544444445
148,Delhi,12,0.45,0.45,14,1.1666666666666667,1,3,8,8.333333333333332,28.42764075,76.83242883333334
149,Delhi,13,0.36538461538461536,0.45,18,1.3846153846153846,0,6,7,0.0,28.74323369230769,77.28308384615386
150,Delhi,27,0.412962962962963,0.45,35,1.2962962962962963,1,6,20,3.7037037037037033,28.569347740740742,76.82123296296297
151,Delhi,16,0.484375,0.525,24,1.5,1,3,12,6.25,28.740247875,76.9556265
152,Delhi,8,0.58125,0.525,17,2.125,1,3,4,12.5,28.841752,77.264015375
153,Delhi,6,0.47500000000000003,0.525,11,1.8333333333333333,1,1,4,16.666666666666664,28.4801575,77.11008466666667
154,Delhi,9,0.4722222222222222,0.45,13,1.4444444444444444,1,5,3,11.11111111111111,28.891218888888886,76.91888211111112
155,Delhi,11,0.4,0.45,25,2.272727272727273,2,5,4,18.181818181818183,28.658661454545452,77.03154781818182
156,Delhi,17,0.45,0.45,32,1.8823529411764706,3,4,10,17.647058823529413,28.887731529411763,77.04019864705883
157,Delhi,12,0.47500000000000003,0.45,11,0.9166666666666666,3,4,5,25.0,28.564201333333333,77.285324
158,Delhi,18,0.4305555555555556,0.45,34,1.8888888888888888,7,4,7,38.88888888888889,28.701739333333332,77.01696916666667
159,Delhi,8,0.41250000000000003,0.45,21,2.625,0,3,5,0.0,28.580375625,77.01745162499999
160,Delhi,9,0.4722222222222222,0.45,7,0.7777777777777778,2,2,5,22.22222222222222,28.733676666666668,77.14793222222222
161,Delhi,18,0.4388888888888889,0.45,37,2.0555555555555554,5,4,9,27.77777777777778,28.883981166666665,77.25863622222222
162,Delhi,8,0.475,0.45,17,2.125,1,2,5,12.5,28.539688125,77.276330625
163,Delhi,6,0.6083333333333333,0.65,11,1.8333333333333333,3,1,2,50.0,28.4907205,76.8293405
164,Delhi,10,0.395,0.375,16,1.6,2,3,5,20.0,28.84812,76.9428208
165,Delhi,6,0.30833333333333335,0.275,8,1.3333333333333333,1,2,3,16.666666666666664,28.56620583333333,77.05621083333334
166,Delhi,8,0.40625,0.375,9,1.125,0,3,5,0.0,28.41176475,77.053693625
167,Delhi,8,0.5,0.45,10,1.25,3,1,4,37.5,28.438596750000002,76.945848375
168,Delhi,7,0.35714285714285715,0.3,13,1.8571428571428572,1,2,4,14.285714285714285,28.555163285714286,77.014158
169,Hyderabad,14,0.5285714285714286,0.625,25,1.7857142857142858,1,2,11,7.142857142857142,17.58893392857143,78.2949655
170,Hyderabad,54,0.40092592592592596,0.45,79,1.462962962962963,4,19,31,7.4074074074074066,17.53786775925926,78.53599853703703
171,Hyderabad,20,0.4425,0.45,29,1.45,2,8,10,10.0,17.229425900000003,78.31668690000001
172,Hyderabad,35,0.4757142857142857,0.45,67,1.9142857142857144,5,11,19,14.285714285714285,17.264723914285714,78.31199345714285
173,Hyderabad,16,0.51875,0.6,33,2.0625,3,5,8,18.75,17.40859825,78.3371950625
174,Hyderabad,105,0.4666666666666667,0.45,193,1.838095238095238,25,29,51,23.809523809523807,17.49342365714286,78.2641068857143
175,Hyderabad,57,0.45438596491228067,0.45,100,1.7543859649122806,11,14,32,19.298245614035086,17.370564736842105,78.3781543508772
176,Hyderabad,34,0.4882352941176471,0.45,43,1.2647058823529411,4,10,20,11.76470588235294,17.222591764705882,78.46141585294117
177,Hyderabad,40,0.42000000000000004,0.45,66,1.65,4,12,24,10.0,17.442719,78.574580775
178,Hyderabad,25,0.41200000000000003,0.45,43,1.72,3,6,16,12.0,17.30249744,78.4732564
179,Hyderabad,45,0.4633333333333334,0.45,86,1.9111111111111112,10,10,25,22.22222222222222,17.36132091111111,78.51549415555556
180,Hyderabad,53,0.4216981132075472,0.45,93,1.7547169811320755,7,18,28,13.20754716981132,17.33095586792453,78.32824743396228
181,Hyderabad,53,0.43301886792452826,0.45,82,1.5471698113207548,4,18,31,7.547169811320755,17.47712386792453,78.46317367924529
182,Hyderabad,30,0.43,0.45,56,1.8666666666666667,3,8,19,10.0,17.477632933333332,78.53478396666667
183,Hyderabad,38,0.4973684210526316,0.45,82,2.1578947368421053,8,11,19,21.052631578947366,17.217063078947366,78.23711139473684
184,Hyderabad,55,0.42727272727272725,0.45,102,1.8545454545454545,7,16,32,12.727272727272727,17.472329781818182,78.4108979090909
185,Hyderabad,74,0.4560810810810811,0.45,123,1.662162162162162,13,30,31,17.56756756756757,17.263763094594594,78.55616741891892
186,Hyderabad,16,0.41250000000000003,0.45,29,1.8125,0,4,12,0.0,17.302717,78.4069381875
187,Hyderabad,13,0.4846153846153846,0.45,29,2.230769230769231,4,3,6,30.76923076923077,17.338533384615385,78.57027815384616
188,Hyderabad,29,0.47413793103448276,0.45,46,1.5862068965517242,1,11,17,3.4482758620689653,17.382227827586206,78.22911331034483
189,Hyderabad,10,0.385,0.42500000000000004,21,2.1,0,3,7,0.0,17.5070562,78.3237551
190,Hyderabad,11,0.38636363636363635,0.4,16,1.4545454545454546,1,4,6,9.090909090909092,17.315511,78.38554454545455
191,Hyderabad,46,0.38913043478260867,0.45,74,1.608695652173913,5,17,24,10.869565217391305,17.385354956521738,78.56497130434782
192,Hyderabad,33,0.47424242424242424,0.45,50,1.5151515151515151,1,15,17,3.0303030303030303,17.33820172727273,78.22964163636364
193,Hyderabad,24,0.42291666666666666,0.45,30,1.25,3,6,15,12.5,17.58676708333333,78.48510058333333
194,Hyderabad,87,0.4540229885057471,0.45,146,1.6781609195402298,14,29,44,16.091954022988507,17.391688344827585,78.2861676551724
195,Hyderabad,47,0.4308510638297872,0.45,82,1.7446808510638299,9,15,23,19.148936170212767,17.570016808510637,78.58235238297873
196,Hyderabad,39,0.4217948717948718,0.45,75,1.9230769230769231,7,14,18,17.94871794871795,17.532537435897435,78.45935656410256
197,Hyderabad,13,0.4115384615384615,0.45,26,2.0,3,3,7,23.076923076923077,17.42392576923077,78.45843876923077
198,Hyderabad,14,0.5,0.525,22,1.5714285714285714,2,6,6,14.285714285714285,17.271189285714286,78.35962392857142
199,Hyderabad,80,0.43187499999999995,0.45,131,1.6375,12,30,38,15.0,17.3827984375,78.45994862500001
200,Hyderabad,20,0.385,0.375,32,1.6,2,4,14,10.0,17.4552219,78.4978442
201,Hyderabad,35,0.44571428571428573,0.45,54,1.542857142857143,6,8,21,17.142857142857142,17.215140257142856,78.39180254285714
202,Hyderabad,30,0.43666666666666665,0.45,58,1.9333333333333333,7,11,12,23.333333333333332,17.457468600000002,78.36796043333334
203,Hyderabad,53,0.41792452830188676,0.45,87,1.6415094339622642,8,15,30,15.09433962264151,17.29076030188679,78.25296432075471
204,Hyderabad,14,0.38571428571428573,0.375,21,1.5,1,7,6,7.142857142857142,17.298918571428572,78.51267957142856
205,Hyderabad,28,0.3732142857142858,0.35,39,1.3928571428571428,2,7,19,7.142857142857142,17.25611107142857,78.40805764285714
206,Hyderabad,34,0.38676470588235295,0.45,58,1.7058823529411764,4,8,22,11.76470588235294,17.267217823529414,78.46482376470588
207,Hyderabad,38,0.4263157894736842,0.45,67,1.763157894736842,8,13,17,21.052631578947366,17.22723305263158,78.51903186842105
208,Hyderabad,27,0.34074074074074073,0.4,35,1.2962962962962963,2,5,20,7.4074074074074066,17.517002222222224,78.58034222222223
209,Hyderabad,41,0.43414634146341463,0.45,60,1.4634146341463414,2,15,24,4.878048780487805,17.568383146341464,78.22656690243903
210,Hyderabad,11,0.3181818181818182,0.3,24,2.1818181818181817,2,4,5,18.181818181818183,17.41497281818182,78.39562145454546
211,Hyderabad,12,0.4291666666666667,0.375,20,1.6666666666666667,4,2,6,33.33333333333333,17.310916583333334,78.55463883333333
212,Hyderabad,20,0.5375,0.45,35,1.75,4,2,14,20.0,17.50285305,78.35433809999999
213,Hyderabad,11,0.4863636363636364,0.45,13,1.1818181818181819,0,4,7,0.0,17.410643636363634,78.24763872727273
214,Hyderabad,47,0.4542553191489362,0.45,79,1.6808510638297873,6,17,24,12.76595744680851,17.531943957446806,78.39802812765957
215,Hyderabad,8,0.5125000000000001,0.525,10,1.25,0,4,4,0.0,17.248408875,78.2737205
216,Hyderabad,30,0.41333333333333333,0.45,55,1.8333333333333333,8,9,13,26.666666666666668,17.5809774,78.35835173333334
217,Hyderabad,17,0.45,0.6,29,1.7058823529411764,1,6,10,5.88235294117647,17.423661411764705,78.2169485882353
218,Hyderabad,23,0.3695652173913043,0.45,27,1.173913043478261,1,7,15,4.3478260869565215,17.312132652173915,78.28631404347826
219,Hyderabad,10,0.42000000000000004,0.45,15,1.5,0,5,5,0.0,17.2903526,78.2131881
220,Hyderabad,14,0.5107142857142858,0.45,22,1.5714285714285714,2,2,10,14.285714285714285,17.572921,78.44651621428571
221,Hyderabad,6,0.4583333333333333,0.45,16,2.6666666666666665,2,2,2,33.33333333333333,17.464181666666665,78.56520333333334
222,Hyderabad,8,0.41875,0.45,9,1.125,2,3,3,25.0,17.44582125,78.528596875
223,Hyderabad,13,0.4653846153846154,0.45,26,2.0,3,3,7,23.076923076923077,17.270910923076922,78.50735261538462
224,Hyderabad,7,0.5285714285714286,0.65,16,2.2857142857142856,2,4,1,28.57142857142857,17.49551357142857,78.49986671428572
225,Hyderabad,14,0.5107142857142858,0.45,22,1.5714285714285714,1,5,8,7.142857142857142,17.326529714285716,78.43061092857144
226,Hyderabad,10,0.24500000000000002,0.1,19,1.9,1,3,6,10.0,17.4827148,78.3283001
227,Hyderabad,12,0.4458333333333333,0.45,14,1.1666666666666667,0,3,9,0.0,17.407938416666667,78.53292725
228,Hyderabad,12,0.39166666666666666,0.42500000000000004,15,1.25,2,3,7,16.666666666666664,17.584173166666666,78.52508358333333
229,Hyderabad,7,0.4857142857142857,0.45,12,1.7142857142857142,1,1,5,14.285714285714285,17.428244142857142,78.497084
230,Hyderabad,6,0.5666666666666667,0.7,11,1.8333333333333333,1,2,3,16.666666666666664,17.480210333333332,78.58640983333333
231,Hyderabad,14,0.4107142857142857,0.45,27,1.9285714285714286,2,4,8,14.285714285714285,17.538524714285714,78.21862842857142
232,Hyderabad,7,0.55,0.6,14,2.0,0,2,5,0.0,17.32972457142857,78.51964814285715
233,Hyderabad,7,0.45000000000000007,0.45,16,2.2857142857142856,0,2,5,0.0,17.516923,78.5103612857143
234,Hyderabad,8,0.375,0.42500000000000004,9,1.125,0,4,4,0.0,17.388741875,78.594513625
235,Hyderabad,8,0.46875,0.45,12,1.5,0,2,6,0.0,17.249952999999998,78.216593
236,Hyderabad,5,0.53,0.45,6,1.2,0,3,2,0.0,17.4132574,78.5035426
237,Hyderabad,6,0.5750000000000001,0.625,7,1.1666666666666667,1,2,3,16.666666666666664,17.575361333333333,78.31077216666667
238,Hyderabad,6,0.44166666666666665,0.475,14,2.3333333333333335,2,2,2,33.33333333333333,17.2906145,78.32259666666666
239,Kolkata,138,0.44021739130434784,0.45,270,1.9565217391304348,24,34,80,17.391304347826086,22.476813152173914,88.34344459420291
240,Kolkata,139,0.44496402877697844,0.45,246,1.7697841726618706,20,38,81,14.388489208633093,22.660961266187048,88.40016728776978
241,Kolkata,33,0.4393939393939394,0.45,66,2.0,9,9,15,27.27272727272727,22.42869803030303,88.21951975757577
242,Kolkata,164,0.42865853658536585,0.45,308,1.8780487804878048,28,58,78,17.073170731707318,22.656802847560975,88.30753396951219
243,Kolkata,41,0.37926829268292683,0.45,56,1.3658536585365855,4,9,28,9.75609756097561,22.50074531707317,88.25846509756097
244,Kolkata,171,0.44590643274853803,0.45,322,1.8830409356725146,22,50,99,12.865497076023392,22.557613695906433,88.46909366081871
245,Kolkata,10,0.315,0.275,19,1.9,2,3,5,20.0,22.4101831,88.4067834
246,Kolkata,42,0.43809523809523804,0.45,62,1.4761904761904763,6,10,26,14.285714285714285,22.456980404761904,88.44586295238095
247,Kolkata,51,0.39705882352941174,0.4,83,1.6274509803921569,4,17,30,7.8431372549019605,22.558428470588233,88.31948484313726
248,Kolkata,13,0.3346153846153846,0.3,27,2.076923076923077,1,4,8,7.6923076923076925,22.407435307692307,88.32205053846154
249,Kolkata,78,0.4608974358974359,0.45,162,2.076923076923077,20,23,35,25.64102564102564,22.500362679487182,88.4278960897436
250,Kolkata,17,0.4117647058823529,0.45,30,1.7647058823529411,1,8,8,5.88235294117647,22.669601647058823,88.3540784117647
251,Kolkata,46,0.4804347826086957,0.45,81,1.7608695652173914,9,7,30,19.565217391304348,22.57167004347826,88.28008739130435
252,Kolkata,46,0.45869565217391306,0.45,73,1.5869565217391304,7,17,22,15.217391304347828,22.577930195652176,88.36414504347826
253,Kolkata,39,0.41282051282051285,0.45,63,1.6153846153846154,6,13,20,15.384615384615385,22.502701769230768,88.48244007692308
254,Kolkata,5,0.52,0.45,8,1.6,1,1,3,20.0,22.5185494,88.3468748
255,Kolkata,15,0.43333333333333335,0.45,26,1.7333333333333334,2,3,10,13.333333333333334,22.4998212,88.3578104
256,Kolkata,40,0.425,0.45,70,1.75,3,15,22,7.5,22.418715575,88.435313775
257,Kolkata,57,0.4096491228070176,0.45,112,1.9649122807017543,10,18,29,17.543859649122805,22.57286994736842,88.40721114035088
258,Kolkata,17,0.47941176470588237,0.45,29,1.7058823529411764,2,4,11,11.76470588235294,22.413110117647058,88.47505647058824
259,Kolkata,30,0.36666666666666664,0.375,60,2.0,5,7,18,16.666666666666664,22.621547433333333,88.2511468
260,Kolkata,23,0.42391304347826086,0.45,31,1.3478260869565217,0,7,16,0.0,22.41030508695652,88.3529266521739
261,Kolkata,24,0.3979166666666667,0.45,13,0.5416666666666666,2,8,14,8.333333333333332,22.424935958333332,88.36817404166668
262,Kolkata,25,0.46399999999999997,0.45,47,1.88,3,3,19,12.0,22.661970919999998,88.45974028
263,Kolkata,35,0.43,0.45,74,2.1142857142857143,6,13,16,17.142857142857142,22.6016086,88.43390437142858
264,Kolkata,18,0.4833333333333333,0.45,35,1.9444444444444444,4,3,11,22.22222222222222,22.472378777777777,88.47940538888889
265,Kolkata,13,0.44999999999999996,0.45,21,1.6153846153846154,1,5,7,7.6923076923076925,22.682450846153845,88.48794761538463
266,Kolkata,14,0.4107142857142857,0.42500000000000004,24,1.7142857142857142,2,3,9,14.285714285714285,22.43854357142857,88.47320721428571
267,Kolkata,63,0.4420634920634921,0.45,126,2.0,15,12,36,23.809523809523807,22.61964323809524,88.21469053968254
268,Kolkata,7,0.5571428571428572,0.65,16,2.2857142857142856,0,3,4,0.0,22.675453142857144,88.27386042857142
269,Kolkata,15,0.44,0.45,24,1.6,2,1,12,13.333333333333334,22.564241866666666,88.21794573333334
270,Kolkata,10,0.39,0.45,18,1.8,1,4,5,10.0,22.5969866,88.2679811
271,Kolkata,27,0.4555555555555556,0.45,54,2.0,3,8,16,11.11111111111111,22.484631074074077,88.38067525925926
272,Kolkata,20,0.3825,0.45,30,1.5,1,7,12,5.0,22.409010000000002,88.28384195
273,Kolkata,44,0.3977272727272727,0.42500000000000004,75,1.7045454545454546,8,13,23,18.181818181818183,22.53075722727273,88.36838627272726
274,Kolkata,11,0.3772727272727273,0.45,22,2.0,3,1,7,27.27272727272727,22.68299181818182,88.46705481818182
275,Kolkata,17,0.526470588235294,0.6,34,2.0,3,6,8,17.647058823529413,22.626828588235295,88.33719205882353
276,Kolkata,12,0.4291666666666667,0.45,30,2.5,4,3,5,33.33333333333333,22.454768166666668,88.39891358333334
277,Kolkata,36,0.4388888888888889,0.45,59,1.6388888888888888,4,10,22,11.11111111111111,22.502633305555555,88.2159605
278,Kolkata,9,0.4166666666666667,0.45,14,1.5555555555555556,0,2,7,0.0,22.489564,88.23543000000001
279,Kolkata,42,0.4357142857142857,0.45,71,1.6904761904761905,8,10,24,19.047619047619047,22.633113595238097,88.47929954761905
280,Kolkata,9,0.4222222222222223,0.45,12,1.3333333333333333,1,4,4,11.11111111111111,22.421179888888886,88.49375966666668
281,Kolkata,12,0.49583333333333335,0.45,21,1.75,0,4,8,0.0,22.50792208333333,88.28800808333334
282,Kolkata,12,0.3833333333333333,0.42500000000000004,18,1.5,1,4,7,8.333333333333332,22.55042875,88.20775049999999
283,Kolkata,8,0.4,0.35,13,1.625,0,4,4,0.0,22.42064275,88.307526125
284,Kolkata,7,0.5571428571428572,0.6,14,2.0,3,0,4,42.857142857142854,22.484516000000003,88.44982457142858
285,Kolkata,14,0.375,0.45,25,1.7857142857142858,1,5,8,7.142857142857142,22.599623285714284,88.329463
286,Kolkata,42,0.40595238095238095,0.45,69,1.6428571428571428,4,9,29,9.523809523809524,22.46008876190476,88.24608695238095
287,Kolkata,13,0.36538461538461536,0.45,17,1.3076923076923077,1,3,9,7.6923076923076925,22.536890538461538,88.2793996153846
288,Kolkata,12,0.45416666666666666,0.45,17,1.4166666666666667,0,5,7,0.0,22.522627416666666,88.4108195
289,Kolkata,20,0.4725,0.45,31,1.55,1,8,11,5.0,22.40725945,88.24763974999999
290,Kolkata,15,0.38333333333333336,0.45,27,1.8,1,5,9,6.666666666666667,22.437354000000003,88.2914066
291,Kolkata,20,0.43500000000000005,0.45,18,0.9,1,8,11,5.0,22.5993807,88.2418965
292,Kolkata,23,0.5065217391304347,0.45,43,1.8695652173913044,5,4,14,21.73913043478261,22.5370267826087,88.23450517391304
293,Kolkata,11,0.5681818181818182,0.65,18,1.6363636363636365,1,3,7,9.090909090909092,22.474477909090908,88.3960800909091
294,Kolkata,18,0.4444444444444444,0.45,22,1.2222222222222223,2,4,12,11.11111111111111,22.676939,88.21334933333333
295,Kolkata,11,0.4727272727272727,0.45,17,1.5454545454545454,2,1,8,18.181818181818183,22.441321000000002,88.31551445454545
296,Kolkata,9,0.38333333333333336,0.3,18,2.0,2,1,6,22.22222222222222,22.629887,88.36028477777778
297,Kolkata,9,0.5055555555555555,0.45,12,1.3333333333333333,1,2,6,11.11111111111111,22.425891222222223,88.27079611111111
298,Kolkata,8,0.3875,0.42500000000000004,16,2.0,1,2,5,12.5,22.4100175,88.38938912500001
299,Kolkata,16,0.459375,0.55,27,1.6875,1,6,9,6.25,22.4663921875,88.2866953125
300,Kolkata,12,0.35000000000000003,0.35,19,1.5833333333333333,1,7,4,8.333333333333332,22.65925833333333,88.25531166666667
301,Kolkata,6,0.3166666666666667,0.3,13,2.1666666666666665,1,2,3,16.666666666666664,22.438211499999998,88.41358133333334
302,Kolkata,9,0.44999999999999996,0.45,20,2.2222222222222223,0,3,6,0.0,22.41097166666667,88.20430677777777
303,Kolkata,8,0.31875,0.275,16,2.0,1,1,6,12.5,22.676068375,88.429234125
304,Kolkata,7,0.33571428571428574,0.3,4,0.5714285714285714,1,2,4,14.285714285714285,22.55183242857143,88.40004757142857
305,Kolkata,6,0.39999999999999997,0.45,8,1.3333333333333333,1,2,3,16.666666666666664,22.427053833333332,88.39114033333334
306,Kolkata,9,0.47777777777777775,0.45,15,1.6666666666666667,1,4,4,11.11111111111111,22.641245444444444,88.24723877777778
307,Kolkata,5,0.52,0.45,4,0.8,0,3,2,0.0,22.585269599999997,88.3284708
308,Kolkata,8,0.3625,0.35,12,1.5,2,1,5,25.0,22.428754875,88.407745125
309,Kolkata,8,0.5875,0.6,14,1.75,2,0,6,25.0,22.62383725,88.450855375
310,Kolkata,8,0.30625,0.325,14,1.75,1,3,4,12.5,22.601865375,88.362511875
311,Kolkata,5,0.38,0.45,10,2.0,1,1,3,20.0,22.4433412,88.2340656
312,Kolkata,3,0.5666666666666667,0.6,6,2.0,1,1,1,33.33333333333333,22.481504,88.43843533333332
313,Mumbai,66,0.46742424242424246,0.45,114,1.7272727272727273,13,22,31,19.696969696969695,19.103746787878787,72.88199662121212
314,Mumbai,105,0.46095238095238095,0.45,215,2.0476190476190474,25,36,44,23.809523809523807,19.148655847619047,72.83732622857143
315,Mumbai,132,0.4147727272727273,0.45,225,1.7045454545454546,17,44,71,12.878787878787879,18.928303621212123,72.88952296969697
316,Mumbai,14,0.45000000000000007,0.45,21,1.5,2,5,7,14.285714285714285,18.96198085714286,72.92156557142857
317,Mumbai,110,0.4113636363636364,0.45,180,1.6363636363636365,13,36,61,11.818181818181818,18.849651754545455,72.89986876363636
318,Mumbai,10,0.36,0.25,17,1.7,1,5,4,10.0,19.0928761,72.7161957
319,Mumbai,16,0.409375,0.45,32,2.0,3,2,11,18.75,18.9917051875,72.919925375
320,Mumbai,74,0.4608108108108108,0.45,117,1.5810810810810811,10,22,42,13.513513513513514,18.897583797297294,72.7337985945946
321,Mumbai,60,0.47750000000000004,0.45,113,1.8833333333333333,10,17,33,16.666666666666664,19.262474083333334,72.75578966666667
322,Mumbai,47,0.5021276595744681,0.45,102,2.1702127659574466,11,15,21,23.404255319148938,19.030807531914892,72.92028423404255
323,Mumbai,88,0.3869318181818182,0.42500000000000004,164,1.8636363636363635,20,23,45,22.727272727272727,19.037041511363636,72.76341759090909
324,Mumbai,114,0.4127192982456141,0.45,191,1.6754385964912282,11,47,56,9.649122807017543,19.262774622807015,72.88364191228071
325,Mumbai,164,0.4301829268292683,0.45,303,1.8475609756097562,24,53,87,14.634146341463413,19.008769207317073,72.8262049390244
326,Mumbai,34,0.4132352941176471,0.45,51,1.5,6,10,18,17.647058823529413,19.14706320588235,72.71969364705882
327,Mumbai,54,0.4324074074074074,0.45,92,1.7037037037037037,5,16,33,9.25925925925926,19.197049666666665,72.91618442592592
328,Mumbai,51,0.47058823529411764,0.45,88,1.7254901960784315,11,17,23,21.568627450980394,19.084813196078432,72.82277274509804
329,Mumbai,21,0.45714285714285713,0.45,46,2.1904761904761907,3,6,12,14.285714285714285,19.23779838095238,72.98992842857143
330,Mumbai,20,0.4375,0.45,26,1.3,1,7,12,5.0,19.067144300000002,72.98050865
331,Mumbai,15,0.35333333333333333,0.45,17,1.1333333333333333,1,8,6,6.666666666666667,18.997193533333334,72.95962313333332
332,Mumbai,21,0.41428571428571426,0.45,32,1.5238095238095237,3,9,9,14.285714285714285,19.007205714285714,72.98818414285714
333,Mumbai,116,0.4245689655172414,0.45,184,1.5862068965517242,13,34,69,11.206896551724139,19.234604396551724,72.80146856034483
334,Mumbai,87,0.42126436781609194,0.45,166,1.9080459770114941,13,27,47,14.942528735632186,19.130173977011495,72.965608
335,Mumbai,113,0.42168141592920355,0.45,217,1.920353982300885,15,36,62,13.274336283185843,18.83392238053097,72.76684073451327
336,Mumbai,16,0.503125,0.6,20,1.25,5,2,9,31.25,18.96882925,72.8371688125
337,Mumbai,55,0.47454545454545455,0.45,90,1.6363636363636365,9,20,26,16.363636363636363,19.119075527272727,72.76065863636363
338,Mumbai,34,0.4235294117647059,0.45,61,1.7941176470588236,8,8,18,23.52941176470588,18.928541117647057,72.79885176470589
339,Mumbai,14,0.43928571428571433,0.45,17,1.2142857142857142,0,9,5,0.0,19.17306142857143,72.75032871428571
340,Mumbai,31,0.43870967741935485,0.45,54,1.7419354838709677,7,12,12,22.58064516129032,19.20992835483871,72.74097658064515
341,Mumbai,12,0.41250000000000003,0.45,16,1.3333333333333333,4,2,6,33.33333333333333,19.246117666666667,72.71978516666667
342,Mumbai,67,0.41044776119402987,0.45,107,1.5970149253731343,5,25,37,7.462686567164178,18.953051119402986,72.73624768656717
343,Mumbai,22,0.43409090909090914,0.45,34,1.5454545454545454,0,7,15,0.0,18.883662318181816,72.96469427272727
344,Mumbai,16,0.409375,0.42500000000000004,34,2.125,1,3,12,6.25,19.024153875,72.7272289375
345,Mumbai,45,0.47000000000000003,0.45,70,1.5555555555555556,6,11,28,13.333333333333334,18.84521488888889,72.97218464444444
346,Mumbai,18,0.4305555555555556,0.45,30,1.6666666666666667,3,4,11,16.666666666666664,19.181557,72.98707338888889
347,Mumbai,7,0.4,0.45,7,1.0,0,5,2,0.0,19.020166285714286,72.94948185714286
348,Mumbai,16,0.45937500000000003,0.45,34,2.125,5,4,7,31.25,18.967131062500002,72.9865821875
349,Mumbai,4,0.45,0.45,5,1.25,0,0,4,0.0,18.9477905,72.9452075
350,Mumbai,15,0.38333333333333336,0.45,27,1.8,2,6,7,13.333333333333334,18.814890400000003,72.82773019999999
351,Mumbai,14,0.4,0.42500000000000004,24,1.7142857142857142,2,2,10,14.285714285714285,19.292736571428573,72.95934685714285
352,Mumbai,7,0.4714285714285714,0.45,7,1.0,1,2,4,14.285714285714285,19.051012714285715,72.87006571428572
353,Mumbai,11,0.38181818181818183,0.45,14,1.2727272727272727,1,3,7,9.090909090909092,19.187960454545454,72.86754763636364
354,Mumbai,11,0.34545454545454546,0.45,22,2.0,2,2,7,18.181818181818183,19.036942272727273,72.70931554545454
355,Mumbai,13,0.43846153846153846,0.45,24,1.8461538461538463,0,8,5,0.0,18.84459753846154,72.83062361538462
356,Mumbai,9,0.4388888888888889,0.45,18,2.0,1,1,7,11.11111111111111,19.211681777777777,72.85495133333333
357,Mumbai,9,0.3888888888888889,0.45,14,1.5555555555555556,1,0,8,11.11111111111111,19.16397588888889,72.92812677777778
358,Mumbai,12,0.35833333333333334,0.4,19,1.5833333333333333,2,2,8,16.666666666666664,19.278330666666665,72.93525908333334
359,Mumbai,7,0.5142857142857143,0.45,9,1.2857142857142858,0,0,7,0.0,19.04334585714286,72.99008842857143
360,Mumbai,6,0.425,0.45,3,0.5,0,5,1,0.0,19.218550333333333,72.76676066666667
361,Pune,206,0.4077669902912621,0.45,386,1.8737864077669903,31,53,122,15.048543689320388,18.499746733009708,73.87758857281554
362,Pune,10,0.41,0.375,13,1.3,0,5,5,0.0,18.4127771,73.7232056
363,Pune,90,0.4616666666666666,0.45,158,1.7555555555555555,20,20,50,22.22222222222222,18.672617666666667,73.77986353333334
364,Pune,53,0.42452830188679247,0.45,92,1.7358490566037736,8,16,29,15.09433962264151,18.624260358490567,73.84498075471699
365,Pune,134,0.4533582089552239,0.45,231,1.7238805970149254,24,38,72,17.91044776119403,18.548575022388057,73.97787578358209
366,Pune,15,0.4533333333333333,0.45,28,1.8666666666666667,3,3,9,20.0,18.692650266666664,73.93670853333333
367,Pune,8,0.44375,0.375,19,2.375,1,2,5,12.5,18.435530375,73.80498375
368,Pune,37,0.42567567567567566,0.45,65,1.7567567567567568,5,15,17,13.513513513513514,18.53733345945946,73.8080784864865
369,Pune,33,0.46060606060606063,0.45,64,1.9393939393939394,6,6,21,18.181818181818183,18.688535212121213,73.86928448484849
370,Pune,21,0.40476190476190477,0.45,25,1.1904761904761905,3,7,11,14.285714285714285,18.569394047619046,73.79368685714286
371,Pune,9,0.47777777777777775,0.45,14,1.5555555555555556,3,2,4,33.33333333333333,18.432980555555556,73.72390177777778
372,Pune,16,0.4375,0.45,29,1.8125,2,4,10,12.5,18.5485364375,73.7549570625
373,Pune,6,0.4166666666666667,0.525,5,0.8333333333333334,0,3,3,0.0,18.4478735,73.85598083333333
374,Pune,25,0.49200000000000005,0.45,50,2.0,4,8,13,16.0,18.63164092,73.76086928
375,Pune,26,0.40576923076923077,0.45,49,1.8846153846153846,2,6,18,7.6923076923076925,18.604680923076923,73.9718885
376,Pune,58,0.44051724137931036,0.45,106,1.8275862068965518,10,13,35,17.24137931034483,18.617298327586205,73.77008962068965
377,Pune,53,0.47547169811320755,0.45,91,1.7169811320754718,10,13,30,18.867924528301888,18.642783358490565,73.92980903773585
378,Pune,52,0.45000000000000007,0.45,86,1.6538461538461537,7,15,30,13.461538461538462,18.418647788461538,73.94694192307692
379,Pune,74,0.4736486486486486,0.45,156,2.108108108108108,17,28,29,22.972972972972975,18.46769477027027,73.95752622972972
380,Pune,81,0.43765432098765433,0.45,108,1.3333333333333333,11,21,49,13.580246913580247,18.515903802469136,73.75756501234568
381,Pune,51,0.4294117647058823,0.45,82,1.607843137254902,5,18,28,9.803921568627452,18.637935647058825,73.72554682352941
382,Pune,31,0.5080645161290323,0.45,68,2.193548387096774,4,10,17,12.903225806451612,18.55603809677419,73.93367112903225
383,Pune,17,0.5147058823529411,0.45,31,1.8235294117647058,5,1,11,29.411764705882355,18.51450535294118,73.70855876470588
384,Pune,26,0.35,0.35,44,1.6923076923076923,3,9,14,11.538461538461538,18.6733455,73.71735684615385
385,Pune,47,0.41914893617021276,0.45,77,1.6382978723404256,6,15,26,12.76595744680851,18.555000191489363,73.84872825531916
386,Pune,28,0.4428571428571429,0.45,63,2.25,8,6,14,28.57142857142857,18.618318714285714,73.95010689285714
387,Pune,18,0.4583333333333333,0.375,24,1.3333333333333333,5,2,11,27.77777777777778,18.60049672222222,73.92626777777778
388,Pune,16,0.47187500000000004,0.45,23,1.4375,2,7,7,12.5,18.640132625,73.986713
389,Pune,11,0.35000000000000003,0.3,22,2.0,2,4,5,18.181818181818183,18.471511181818183,73.79377609090909
390,Pune,20,0.495,0.45,36,1.8,3,6,11,15.0,18.5721378,73.95675955
391,Pune,51,0.3735294117647059,0.45,95,1.8627450980392157,7,12,32,13.725490196078432,18.454368607843136,73.74343839215686
392,Pune,13,0.4346153846153846,0.45,18,1.3846153846153846,0,1,12,0.0,18.422826384615384,73.82758230769231
393,Pune,31,0.4209677419354839,0.45,40,1.2903225806451613,5,9,17,16.129032258064516,18.592626161290323,73.7103165483871
394,Pune,51,0.4245098039215686,0.45,102,2.0,9,17,25,17.647058823529413,18.676845058823528,73.97444705882353
395,Pune,10,0.445,0.45,19,1.9,2,2,6,20.0,18.5318875,73.83625620000001
396,Pune,19,0.4263157894736842,0.45,33,1.736842105263158,4,7,8,21.052631578947366,18.56834594736842,73.75634405263158
397,Pune,14,0.39285714285714285,0.45,27,1.9285714285714286,0,7,7,0.0,18.5499565,73.72908421428572
398,Pune,37,0.4094594594594595,0.45,71,1.9189189189189189,7,12,18,18.91891891891892,18.41426945945946,73.85876627027027
399,Pune,9,0.43333333333333335,0.45,17,1.8888888888888888,1,2,6,11.11111111111111,18.65300322222222,73.77734633333334
400,Pune,43,0.39069767441860465,0.45,63,1.4651162790697674,4,12,27,9.30232558139535,18.456933023255814,73.91039444186046
401,Pune,17,0.49411764705882355,0.45,28,1.6470588235294117,2,7,8,11.76470588235294,18.43490876470588,73.78137370588236
402,Pune,9,0.4166666666666667,0.45,9,1.0,0,5,4,0.0,18.669871,73.84662177777778
403,Pune,9,0.4666666666666667,0.45,21,2.3333333333333335,3,2,4,33.33333333333333,18.550970333333332,73.78132
404,Pune,19,0.3684210526315789,0.45,33,1.736842105263158,2,5,12,10.526315789473683,18.607673736842106,73.8861312631579
405,Pune,32,0.4640625,0.45,54,1.6875,4,10,18,12.5,18.57538634375,73.8638701875
406,Pune,8,0.5125,0.45,15,1.875,1,0,7,12.5,18.49443475,73.79176225
407,Pune,20,0.36,0.45,24,1.2,0,6,14,0.0,18.55721715,73.8946617
408,Pune,16,0.45,0.45,25,1.5625,3,4,9,18.75,18.589433,73.7847285
409,Pune,14,0.35714285714285715,0.42500000000000004,30,2.142857142857143,1,6,7,7.142857142857142,18.44264807142857,73.99163121428572
410,Pune,13,0.4153846153846154,0.45,15,1.1538461538461537,1,4,8,7.6923076923076925,18.585738846153845,73.89245146153846
411,Pune,14,0.38571428571428573,0.42500000000000004,20,1.4285714285714286,3,4,7,21.428571428571427,18.470805071428572,73.92543271428572
412,Pune,13,0.3538461538461538,0.45,28,2.1538461538461537,1,7,5,7.6923076923076925,18.57518946153846,73.91494815384615
413,Pune,14,0.4035714285714286,0.45,28,2.0,2,2,10,14.285714285714285,18.459237,73.7765702857143
414,Pune,19,0.36578947368421055,0.45,43,2.263157894736842,2,5,12,10.526315789473683,18.477585789473686,73.981019
415,Pune,17,0.47058823529411764,0.45,37,2.176470588235294,4,6,7,23.52941176470588,18.50988105882353,73.81616005882353
416,Pune,16,0.503125,0.525,30,1.875,3,4,9,18.75,18.6239355,73.901281375
417,Pune,4,0.55,0.45,7,1.75,2,0,2,50.0,18.65475325,73.99348325
418,Pune,15,0.4066666666666667,0.45,14,0.9333333333333333,0,3,12,0.0,18.421281866666668,73.7602732
419,Pune,12,0.4375,0.45,20,1.6666666666666667,1,4,7,8.333333333333332,18.65921875,73.8254735
420,Pune,16,0.39375,0.45,25,1.5625,1,5,10,6.25,18.426708375,73.9047275625
421,Pune,12,0.4375,0.45,20,1.6666666666666667,0,4,8,0.0,18.406486416666667,73.77707175
422,Pune,16,0.3625,0.3,20,1.25,0,4,12,0.0,18.4474385,73.81436175
423,Pune,18,0.48888888888888893,0.45,35,1.9444444444444444,5,4,9,27.77777777777778,18.68834561111111,73.83506455555556
424,Pune,10,0.39,0.3,13,1.3,2,2,6,20.0,18.575731100000002,73.733641
425,Pune,5,0.37,0.45,11,2.2,1,1,3,20.0,18.581771800000002,73.93134260000001
426,Pune,6,0.5666666666666667,0.525,15,2.5,1,2,3,16.666666666666664,18.43888433333333,73.83358516666667
427,Pune,6,0.39166666666666666,0.35,11,1.8333333333333333,1,1,4,16.666666666666664,18.633430833333332,73.96699666666667
428,Pune,8,0.46875,0.45,16,2.0,1,2,5,12.5,18.471920125,73.713050875
429,Pune,6,0.48333333333333334,0.45,13,2.1666666666666665,2,0,4,33.33333333333333,18.591168999999997,73.94989416666667
430,Pune,4,0.7250000000000001,0.7250000000000001,6,1.5,0,0,4,0.0,18.55092475,73.80392275
