city,records,eps_km,min_samples,clusters,noise_count,noise_percentage,clustered_count,clustered_percentage,largest_cluster,smallest_cluster,median_cluster_size
Bangalore,2438,0.9,8,41,2024,83.02,414,16.98,24,6,9.0
Bangalore,2438,0.95,8,58,1831,75.1,607,24.9,25,5,9.0
Bangalore,2438,1.0,8,70,1603,65.75,835,34.25,39,4,10.0
Bangalore,2438,1.05,8,72,1405,57.63,1033,42.37,53,8,12.0
Bangalore,2438,1.1,8,83,1201,49.26,1237,50.74,89,6,12.0
Bangalore,2438,1.15,8,91,935,38.35,1503,61.65,101,3,12.0
Bangalore,2438,1.2,8,89,682,27.97,1756,72.03,130,6,13.0
Bangalore,2438,1.25,8,80,499,20.47,1939,79.53,132,6,17.0
Bangalore,2438,1.3,8,58,362,14.85,2076,85.15,188,7,22.5
Bangalore,2438,1.35,8,43,256,10.5,2182,89.5,210,4,29.0
Bangalore,2438,1.4,8,27,173,7.1,2265,92.9,476,3,29.0
Bangalore,2438,1.45,8,12,112,4.59,2326,95.41,1662,1,20.0
Bangalore,2438,1.5,8,3,77,3.16,2361,96.84,2315,15,31.0
Bangalore,2438,1.55,8,1,48,1.97,2390,98.03,2390,2390,2390.0
Bangalore,2438,1.6,8,1,39,1.6,2399,98.4,2399,2399,2399.0
Bangalore,2438,1.65,8,2,16,0.66,2422,99.34,2414,8,1211.0
Bangalore,2438,1.7,8,2,10,0.41,2428,99.59,2421,7,1214.0
Bangalore,2438,1.75,8,1,7,0.29,2431,99.71,2431,2431,2431.0
Bangalore,2438,1.8,8,1,4,0.16,2434,99.84,2434,2434,2434.0
Bangalore,2438,1.85,8,1,4,0.16,2434,99.84,2434,2434,2434.0
Bangalore,2438,1.9,8,1,3,0.12,2435,99.88,2435,2435,2435.0
Bangalore,2438,1.95,8,1,3,0.12,2435,99.88,2435,2435,2435.0
Bangalore,2438,2.0,8,1,2,0.08,2436,99.92,2436,2436,2436.0
Bangalore,2438,2.05,8,1,2,0.08,2436,99.92,2436,2436,2436.0
Bangalore,2438,2.1,8,1,2,0.08,2436,99.92,2436,2436,2436.0
Bangalore,2438,0.9,10,4,2398,98.36,40,1.64,13,7,10.0
Bangalore,2438,0.95,10,12,2316,95.0,122,5.0,13,7,10.0
Bangalore,2438,1.0,10,24,2161,88.64,277,11.36,21,8,10.0
Bangalore,2438,1.05,10,30,2052,84.17,386,15.83,29,7,11.0
Bangalore,2438,1.1,10,38,1881,77.15,557,22.85,43,8,13.0
Bangalore,2438,1.15,10,48,1713,70.26,725,29.74,43,7,13.0
Bangalore,2438,1.2,10,65,1395,57.22,1043,42.78,58,5,13.0
Bangalore,2438,1.25,10,67,1194,48.97,1244,51.03,75,5,15.0
Bangalore,2438,1.3,10,71,939,38.52,1499,61.48,83,6,16.0
Bangalore,2438,1.35,10,65,742,30.43,1696,69.57,124,5,19.0
Bangalore,2438,1.4,10,62,558,22.89,1880,77.11,165,6,23.5
Bangalore,2438,1.45,10,50,374,15.34,2064,84.66,175,6,27.5
Bangalore,2438,1.5,10,40,277,11.36,2161,88.64,384,6,25.0
Bangalore,2438,1.55,10,30,152,6.23,2286,93.77,533,8,35.5
Bangalore,2438,1.6,10,10,107,4.39,2331,95.61,1170,10,33.0
Bangalore,2438,1.65,10,4,60,2.46,2378,97.54,2226,11,70.5
Bangalore,2438,1.7,10,2,42,1.72,2396,98.28,2380,16,1198.0
Bangalore,2438,1.75,10,2,27,1.11,2411,98.89,2395,16,1205.5
Bangalore,2438,1.8,10,2,23,0.94,2415,99.06,2399,16,1207.5
Bangalore,2438,1.85,10,1,12,0.49,2426,99.51,2426,2426,2426.0
Bangalore,2438,1.9,10,1,9,0.37,2429,99.63,2429,2429,2429.0
Bangalore,2438,1.95,10,1,9,0.37,2429,99.63,2429,2429,2429.0
Bangalore,2438,2.0,10,1,8,0.33,2430,99.67,2430,2430,2430.0
Bangalore,2438,2.05,10,1,7,0.29,2431,99.71,2431,2431,2431.0
Bangalore,2438,2.1,10,1,7,0.29,2431,99.71,2431,2431,2431.0
Bangalore,2438,0.9,12,0,2438,100.0,0,0.0,0,0,0.0
Bangalore,2438,0.95,12,1,2426,99.51,12,0.49,12,12,12.0
Bangalore,2438,1.0,12,3,2397,98.32,41,1.68,16,12,13.0
Bangalore,2438,1.05,12,7,2346,96.23,92,3.77,19,12,12.0
Bangalore,2438,1.1,12,12,2273,93.23,165,6.77,22,10,12.5
Bangalore,2438,1.15,12,16,2167,88.88,271,11.12,31,12,14.0
Bangalore,2438,1.2,12,26,2014,82.61,424,17.39,32,5,14.5
Bangalore,2438,1.25,12,32,1861,76.33,577,23.67,38,10,14.0
Bangalore,2438,1.3,12,39,1670,68.5,768,31.5,59,8,15.0
Bangalore,2438,1.35,12,49,1433,58.78,1005,41.22,71,9,17.0
Bangalore,2438,1.4,12,57,1164,47.74,1274,52.26,72,6,18.0
Bangalore,2438,1.45,12,58,933,38.27,1505,61.73,92,8,20.5
Bangalore,2438,1.5,12,56,722,29.61,1716,70.39,164,6,22.0
Bangalore,2438,1.55,12,46,582,23.87,1856,76.13,172,6,28.0
Bangalore,2438,1.6,12,47,378,15.5,2060,84.5,205,4,25.0
Bangalore,2438,1.65,12,38,265,10.87,2173,89.13,250,4,31.0
Bangalore,2438,1.7,12,20,143,5.87,2295,94.13,411,2,32.0
Bangalore,2438,1.75,12,4,101,4.14,2337,95.86,2288,3,23.0
Bangalore,2438,1.8,12,2,63,2.58,2375,97.42,2369,6,1187.5
Bangalore,2438,1.85,12,2,43,1.76,2395,98.24,2383,12,1197.5
Bangalore,2438,1.9,12,2,25,1.03,2413,98.97,2400,13,1206.5
Bangalore,2438,1.95,12,2,19,0.78,2419,99.22,2409,10,1209.5
Bangalore,2438,2.0,12,1,12,0.49,2426,99.51,2426,2426,2426.0
Bangalore,2438,2.05,12,1,10,0.41,2428,99.59,2428,2428,2428.0
Bangalore,2438,2.1,12,1,8,0.33,2430,99.67,2430,2430,2430.0
Bangalore,2438,0.9,15,0,2438,100.0,0,0.0,0,0,0.0
Bangalore,2438,0.95,15,0,2438,100.0,0,0.0,0,0,0.0
Bangalore,2438,1.0,15,0,2438,100.0,0,0.0,0,0,0.0
Bangalore,2438,1.05,15,0,2438,100.0,0,0.0,0,0,0.0
Bangalore,2438,1.1,15,0,2438,100.0,0,0.0,0,0,0.0
Bangalore,2438,1.15,15,2,2407,98.73,31,1.27,16,15,15.5
Bangalore,2438,1.2,15,3,2387,97.91,51,2.09,20,15,16.0
Bangalore,2438,1.25,15,7,2322,95.24,116,4.76,23,15,16.0
Bangalore,2438,1.3,15,9,2262,92.78,176,7.22,27,15,17.0
Bangalore,2438,1.35,15,14,2144,87.94,294,12.06,41,15,17.5
Bangalore,2438,1.4,15,21,1970,80.8,468,19.2,53,12,17.0
Bangalore,2438,1.45,15,24,1844,75.64,594,24.36,61,15,19.5
Bangalore,2438,1.5,15,30,1693,69.44,745,30.56,63,11,20.5
Bangalore,2438,1.55,15,36,1441,59.11,997,40.89,74,13,23.0
Bangalore,2438,1.6,15,42,1228,50.37,1210,49.63,84,14,24.5
Bangalore,2438,1.65,15,47,973,39.91,1465,60.09,108,9,26.0
Bangalore,2438,1.7,15,40,779,31.95,1659,68.05,190,10,29.5
Bangalore,2438,1.75,15,39,569,23.34,1869,76.66,199,3,31.0
Bangalore,2438,1.8,15,30,433,17.76,2005,82.24,323,8,34.0
Bangalore,2438,1.85,15,23,241,9.89,2197,90.11,444,9,38.0
Bangalore,2438,1.9,15,12,170,6.97,2268,93.03,797,8,54.5
Bangalore,2438,1.95,15,5,111,4.55,2327,95.45,2248,5,29.0
Bangalore,2438,2.0,15,2,71,2.91,2367,97.09,2362,5,1183.5
Bangalore,2438,2.05,15,3,37,1.52,2401,98.48,2384,3,14.0
Bangalore,2438,2.1,15,2,23,0.94,2415,99.06,2404,11,1207.5
Chandigarh,2577,0.9,8,1,1,0.04,2576,99.96,2576,2576,2576.0
Chandigarh,2577,0.95,8,1,0,0.0,2577,100.0,2577,2577,2577.0
Chandigarh,2577,1.0,8,1,0,0.0,2577,100.0,2577,2577,2577.0
Chandigarh,2577,1.05,8,1,0,0.0,2577,100.0,2577,2577,2577.0
Chandigarh,2577,1.1,8,1,0,0.0,2577,100.0,2577,2577,2577.0
Chandigarh,2577,1.15,8,1,0,0.0,2577,100.0,2577,2577,2577.0
Chandigarh,2577,1.2,8,1,0,0.0,2577,100.0,2577,2577,2577.0
Chandigarh,2577,1.25,8,1,0,0.0,2577,100.0,2577,2577,2577.0
Chandigarh,2577,1.3,8,1,0,0.0,2577,100.0,2577,2577,2577.0
Chandigarh,2577,1.35,8,1,0,0.0,2577,100.0,2577,2577,2577.0
Chandigarh,2577,1.4,8,1,0,0.0,2577,100.0,2577,2577,2577.0
Chandigarh,2577,1.45,8,1,0,0.0,2577,100.0,2577,2577,2577.0
Chandigarh,2577,1.5,8,1,0,0.0,2577,100.0,2577,2577,2577.0
Chandigarh,2577,1.55,8,1,0,0.0,2577,100.0,2577,2577,2577.0
Chandigarh,2577,1.6,8,1,0,0.0,2577,100.0,2577,2577,2577.0
Chandigarh,2577,1.65,8,1,0,0.0,2577,100.0,2577,2577,2577.0
Chandigarh,2577,1.7,8,1,0,0.0,2577,100.0,2577,2577,2577.0
Chandigarh,2577,1.75,8,1,0,0.0,2577,100.0,2577,2577,2577.0
Chandigarh,2577,1.8,8,1,0,0.0,2577,100.0,2577,2577,2577.0
Chandigarh,2577,1.85,8,1,0,0.0,2577,100.0,2577,2577,2577.0
Chandigarh,2577,1.9,8,1,0,0.0,2577,100.0,2577,2577,2577.0
Chandigarh,2577,1.95,8,1,0,0.0,2577,100.0,2577,2577,2577.0
Chandigarh,2577,2.0,8,1,0,0.0,2577,100.0,2577,2577,2577.0
Chandigarh,2577,2.05,8,1,0,0.0,2577,100.0,2577,2577,2577.0
Chandigarh,2577,2.1,8,1,0,0.0,2577,100.0,2577,2577,2577.0
Chandigarh,2577,0.9,10,1,6,0.23,2571,99.77,2571,2571,2571.0
Chandigarh,2577,0.95,10,1,1,0.04,2576,99.96,2576,2576,2576.0
Chandigarh,2577,1.0,10,1,0,0.0,2577,100.0,2577,2577,2577.0
Chandigarh,2577,1.05,10,1,0,0.0,2577,100.0,2577,2577,2577.0
Chandigarh,2577,1.1,10,1,0,0.0,2577,100.0,2577,2577,2577.0
Chandigarh,2577,1.15,10,1,0,0.0,2577,100.0,2577,2577,2577.0
Chandigarh,2577,1.2,10,1,0,0.0,2577,100.0,2577,2577,2577.0
Chandigarh,2577,1.25,10,1,0,0.0,2577,100.0,2577,2577,2577.0
Chandigarh,2577,1.3,10,1,0,0.0,2577,100.0,2577,2577,2577.0
Chandigarh,2577,1.35,10,1,0,0.0,2577,100.0,2577,2577,2577.0
Chandigarh,2577,1.4,10,1,0,0.0,2577,100.0,2577,2577,2577.0
Chandigarh,2577,1.45,10,1,0,0.0,2577,100.0,2577,2577,2577.0
Chandigarh,2577,1.5,10,1,0,0.0,2577,100.0,2577,2577,2577.0
Chandigarh,2577,1.55,10,1,0,0.0,2577,100.0,2577,2577,2577.0
Chandigarh,2577,1.6,10,1,0,0.0,2577,100.0,2577,2577,2577.0
Chandigarh,2577,1.65,10,1,0,0.0,2577,100.0,2577,2577,2577.0
Chandigarh,2577,1.7,10,1,0,0.0,2577,100.0,2577,2577,2577.0
Chandigarh,2577,1.75,10,1,0,0.0,2577,100.0,2577,2577,2577.0
Chandigarh,2577,1.8,10,1,0,0.0,2577,100.0,2577,2577,2577.0
Chandigarh,2577,1.85,10,1,0,0.0,2577,100.0,2577,2577,2577.0
Chandigarh,2577,1.9,10,1,0,0.0,2577,100.0,2577,2577,2577.0
Chandigarh,2577,1.95,10,1,0,0.0,2577,100.0,2577,2577,2577.0
Chandigarh,2577,2.0,10,1,0,0.0,2577,100.0,2577,2577,2577.0
Chandigarh,2577,2.05,10,1,0,0.0,2577,100.0,2577,2577,2577.0
Chandigarh,2577,2.1,10,1,0,0.0,2577,100.0,2577,2577,2577.0
Chandigarh,2577,0.9,12,1,24,0.93,2553,99.07,2553,2553,2553.0
Chandigarh,2577,0.95,12,1,6,0.23,2571,99.77,2571,2571,2571.0
Chandigarh,2577,1.0,12,1,0,0.0,2577,100.0,2577,2577,2577.0
Chandigarh,2577,1.05,12,1,0,0.0,2577,100.0,2577,2577,2577.0
Chandigarh,2577,1.1,12,1,0,0.0,2577,100.0,2577,2577,2577.0
Chandigarh,2577,1.15,12,1,0,0.0,2577,100.0,2577,2577,2577.0
Chandigarh,2577,1.2,12,1,0,0.0,2577,100.0,2577,2577,2577.0
Chandigarh,2577,1.25,12,1,0,0.0,2577,100.0,2577,2577,2577.0
Chandigarh,2577,1.3,12,1,0,0.0,2577,100.0,2577,2577,2577.0
Chandigarh,2577,1.35,12,1,0,0.0,2577,100.0,2577,2577,2577.0
Chandigarh,2577,1.4,12,1,0,0.0,2577,100.0,2577,2577,2577.0
Chandigarh,2577,1.45,12,1,0,0.0,2577,100.0,2577,2577,2577.0
Chandigarh,2577,1.5,12,1,0,0.0,2577,100.0,2577,2577,2577.0
Chandigarh,2577,1.55,12,1,0,0.0,2577,100.0,2577,2577,2577.0
Chandigarh,2577,1.6,12,1,0,0.0,2577,100.0,2577,2577,2577.0
Chandigarh,2577,1.65,12,1,0,0.0,2577,100.0,2577,2577,2577.0
Chandigarh,2577,1.7,12,1,0,0.0,2577,100.0,2577,2577,2577.0
Chandigarh,2577,1.75,12,1,0,0.0,2577,100.0,2577,2577,2577.0
Chandigarh,2577,1.8,12,1,0,0.0,2577,100.0,2577,2577,2577.0
Chandigarh,2577,1.85,12,1,0,0.0,2577,100.0,2577,2577,2577.0
Chandigarh,2577,1.9,12,1,0,0.0,2577,100.0,2577,2577,2577.0
Chandigarh,2577,1.95,12,1,0,0.0,2577,100.0,2577,2577,2577.0
Chandigarh,2577,2.0,12,1,0,0.0,2577,100.0,2577,2577,2577.0
Chandigarh,2577,2.05,12,1,0,0.0,2577,100.0,2577,2577,2577.0
Chandigarh,2577,2.1,12,1,0,0.0,2577,100.0,2577,2577,2577.0
Chandigarh,2577,0.9,15,7,116,4.5,2461,95.5,1978,12,59.0
Chandigarh,2577,0.95,15,2,37,1.44,2540,98.56,2477,63,1270.0
Chandigarh,2577,1.0,15,1,12,0.47,2565,99.53,2565,2565,2565.0
Chandigarh,2577,1.05,15,1,6,0.23,2571,99.77,2571,2571,2571.0
Chandigarh,2577,1.1,15,1,0,0.0,2577,100.0,2577,2577,2577.0
Chandigarh,2577,1.15,15,1,0,0.0,2577,100.0,2577,2577,2577.0
Chandigarh,2577,1.2,15,1,0,0.0,2577,100.0,2577,2577,2577.0
Chandigarh,2577,1.25,15,1,0,0.0,2577,100.0,2577,2577,2577.0
Chandigarh,2577,1.3,15,1,0,0.0,2577,100.0,2577,2577,2577.0
Chandigarh,2577,1.35,15,1,0,0.0,2577,100.0,2577,2577,2577.0
Chandigarh,2577,1.4,15,1,0,0.0,2577,100.0,2577,2577,2577.0
Chandigarh,2577,1.45,15,1,0,0.0,2577,100.0,2577,2577,2577.0
Chandigarh,2577,1.5,15,1,0,0.0,2577,100.0,2577,2577,2577.0
Chandigarh,2577,1.55,15,1,0,0.0,2577,100.0,2577,2577,2577.0
Chandigarh,2577,1.6,15,1,0,0.0,2577,100.0,2577,2577,2577.0
Chandigarh,2577,1.65,15,1,0,0.0,2577,100.0,2577,2577,2577.0
Chandigarh,2577,1.7,15,1,0,0.0,2577,100.0,2577,2577,2577.0
Chandigarh,2577,1.75,15,1,0,0.0,2577,100.0,2577,2577,2577.0
Chandigarh,2577,1.8,15,1,0,0.0,2577,100.0,2577,2577,2577.0
Chandigarh,2577,1.85,15,1,0,0.0,2577,100.0,2577,2577,2577.0
Chandigarh,2577,1.9,15,1,0,0.0,2577,100.0,2577,2577,2577.0
Chandigarh,2577,1.95,15,1,0,0.0,2577,100.0,2577,2577,2577.0
Chandigarh,2577,2.0,15,1,0,0.0,2577,100.0,2577,2577,2577.0
Chandigarh,2577,2.05,15,1,0,0.0,2577,100.0,2577,2577,2577.0
Chandigarh,2577,2.1,15,1,0,0.0,2577,100.0,2577,2577,2577.0
Chennai,2575,0.9,8,63,419,16.27,2156,83.73,237,2,16.0
Chennai,2575,0.95,8,37,243,9.44,2332,90.56,578,3,19.0
Chennai,2575,1.0,8,17,152,5.9,2423,94.1,1291,6,17.0
Chennai,2575,1.05,8,7,75,2.91,2500,97.09,1456,8,11.0
Chennai,2575,1.1,8,3,44,1.71,2531,98.29,2517,6,8.0
Chennai,2575,1.15,8,2,26,1.01,2549,98.99,2541,8,1274.5
Chennai,2575,1.2,8,1,14,0.54,2561,99.46,2561,2561,2561.0
Chennai,2575,1.25,8,1,5,0.19,2570,99.81,2570,2570,2570.0
Chennai,2575,1.3,8,1,4,0.16,2571,99.84,2571,2571,2571.0
Chennai,2575,1.35,8,1,3,0.12,2572,99.88,2572,2572,2572.0
Chennai,2575,1.4,8,1,0,0.0,2575,100.0,2575,2575,2575.0
Chennai,2575,1.45,8,1,0,0.0,2575,100.0,2575,2575,2575.0
Chennai,2575,1.5,8,1,0,0.0,2575,100.0,2575,2575,2575.0
Chennai,2575,1.55,8,1,0,0.0,2575,100.0,2575,2575,2575.0
Chennai,2575,1.6,8,1,0,0.0,2575,100.0,2575,2575,2575.0
Chennai,2575,1.65,8,1,0,0.0,2575,100.0,2575,2575,2575.0
Chennai,2575,1.7,8,1,0,0.0,2575,100.0,2575,2575,2575.0
Chennai,2575,1.75,8,1,0,0.0,2575,100.0,2575,2575,2575.0
Chennai,2575,1.8,8,1,0,0.0,2575,100.0,2575,2575,2575.0
Chennai,2575,1.85,8,1,0,0.0,2575,100.0,2575,2575,2575.0
Chennai,2575,1.9,8,1,0,0.0,2575,100.0,2575,2575,2575.0
Chennai,2575,1.95,8,1,0,0.0,2575,100.0,2575,2575,2575.0
Chennai,2575,2.0,8,1,0,0.0,2575,100.0,2575,2575,2575.0
Chennai,2575,2.05,8,1,0,0.0,2575,100.0,2575,2575,2575.0
Chennai,2575,2.1,8,1,0,0.0,2575,100.0,2575,2575,2575.0
Chennai,2575,0.9,10,59,1062,41.24,1513,58.76,90,7,18.0
Chennai,2575,0.95,10,61,739,28.7,1836,71.3,206,7,17.0
Chennai,2575,1.0,10,49,444,17.24,2131,82.76,284,7,19.0
Chennai,2575,1.05,10,36,266,10.33,2309,89.67,852,5,17.0
Chennai,2575,1.1,10,16,156,6.06,2419,93.94,1304,6,25.0
Chennai,2575,1.15,10,7,77,2.99,2498,97.01,2360,4,10.0
Chennai,2575,1.2,10,3,47,1.83,2528,98.17,2512,7,9.0
Chennai,2575,1.25,10,2,28,1.09,2547,98.91,2538,9,1273.5
Chennai,2575,1.3,10,1,11,0.43,2564,99.57,2564,2564,2564.0
Chennai,2575,1.35,10,1,7,0.27,2568,99.73,2568,2568,2568.0
Chennai,2575,1.4,10,1,4,0.16,2571,99.84,2571,2571,2571.0
Chennai,2575,1.45,10,1,1,0.04,2574,99.96,2574,2574,2574.0
Chennai,2575,1.5,10,1,1,0.04,2574,99.96,2574,2574,2574.0
Chennai,2575,1.55,10,1,1,0.04,2574,99.96,2574,2574,2574.0
Chennai,2575,1.6,10,1,0,0.0,2575,100.0,2575,2575,2575.0
Chennai,2575,1.65,10,1,0,0.0,2575,100.0,2575,2575,2575.0
Chennai,2575,1.7,10,1,0,0.0,2575,100.0,2575,2575,2575.0
Chennai,2575,1.75,10,1,0,0.0,2575,100.0,2575,2575,2575.0
Chennai,2575,1.8,10,1,0,0.0,2575,100.0,2575,2575,2575.0
Chennai,2575,1.85,10,1,0,0.0,2575,100.0,2575,2575,2575.0
Chennai,2575,1.9,10,1,0,0.0,2575,100.0,2575,2575,2575.0
Chennai,2575,1.95,10,1,0,0.0,2575,100.0,2575,2575,2575.0
Chennai,2575,2.0,10,1,0,0.0,2575,100.0,2575,2575,2575.0
Chennai,2575,2.05,10,1,0,0.0,2575,100.0,2575,2575,2575.0
Chennai,2575,2.1,10,1,0,0.0,2575,100.0,2575,2575,2575.0
Chennai,2575,0.9,12,42,1764,68.5,811,31.5,56,10,16.5
Chennai,2575,0.95,12,50,1406,54.6,1169,45.4,69,6,16.0
Chennai,2575,1.0,12,51,1040,40.39,1535,59.61,166,8,20.0
Chennai,2575,1.05,12,50,729,28.31,1846,71.69,272,9,21.0
Chennai,2575,1.1,12,44,497,19.3,2078,80.7,296,6,23.5
Chennai,2575,1.15,12,25,281,10.91,2294,89.09,1112,5,23.0
Chennai,2575,1.2,12,15,172,6.68,2403,93.32,1354,6,30.0
Chennai,2575,1.25,12,5,104,4.04,2471,95.96,2412,7,15.0
Chennai,2575,1.3,12,2,64,2.49,2511,97.51,2502,9,1255.5
Chennai,2575,1.35,12,2,28,1.09,2547,98.91,2540,7,1273.5
Chennai,2575,1.4,12,2,16,0.62,2559,99.38,2552,7,1279.5
Chennai,2575,1.45,12,1,6,0.23,2569,99.77,2569,2569,2569.0
Chennai,2575,1.5,12,1,2,0.08,2573,99.92,2573,2573,2573.0
Chennai,2575,1.55,12,1,1,0.04,2574,99.96,2574,2574,2574.0
Chennai,2575,1.6,12,1,0,0.0,2575,100.0,2575,2575,2575.0
Chennai,2575,1.65,12,1,0,0.0,2575,100.0,2575,2575,2575.0
Chennai,2575,1.7,12,1,0,0.0,2575,100.0,2575,2575,2575.0
Chennai,2575,1.75,12,1,0,0.0,2575,100.0,2575,2575,2575.0
Chennai,2575,1.8,12,1,0,0.0,2575,100.0,2575,2575,2575.0
Chennai,2575,1.85,12,1,0,0.0,2575,100.0,2575,2575,2575.0
Chennai,2575,1.9,12,1,0,0.0,2575,100.0,2575,2575,2575.0
Chennai,2575,1.95,12,1,0,0.0,2575,100.0,2575,2575,2575.0
Chennai,2575,2.0,12,1,0,0.0,2575,100.0,2575,2575,2575.0
Chennai,2575,2.05,12,1,0,0.0,2575,100.0,2575,2575,2575.0
Chennai,2575,2.1,12,1,0,0.0,2575,100.0,2575,2575,2575.0
Chennai,2575,0.9,15,9,2428,94.29,147,5.71,26,10,15.0
Chennai,2575,0.95,15,16,2231,86.64,344,13.36,47,14,19.5
Chennai,2575,1.0,15,22,2033,78.95,542,21.05,48,10,21.5
Chennai,2575,1.05,15,31,1689,65.59,886,34.41,71,5,19.0
Chennai,2575,1.1,15,40,1308,50.8,1267,49.2,146,7,21.0
Chennai,2575,1.15,15,40,960,37.28,1615,62.72,213,10,25.0
Chennai,2575,1.2,15,34,705,27.38,1870,72.62,301,10,28.0
Chennai,2575,1.25,15,25,415,16.12,2160,83.88,725,8,27.0
Chennai,2575,1.3,15,14,257,9.98,2318,90.02,1152,11,45.5
Chennai,2575,1.35,15,9,169,6.56,2406,93.44,1440,12,48.0
Chennai,2575,1.4,15,4,97,3.77,2478,96.23,2398,10,35.0
Chennai,2575,1.45,15,1,42,1.63,2533,98.37,2533,2533,2533.0
Chennai,2575,1.5,15,2,16,0.62,2559,99.38,2553,6,1279.5
Chennai,2575,1.55,15,2,10,0.39,2565,99.61,2558,7,1282.5
Chennai,2575,1.6,15,1,3,0.12,2572,99.88,2572,2572,2572.0
Chennai,2575,1.65,15,1,0,0.0,2575,100.0,2575,2575,2575.0
Chennai,2575,1.7,15,1,0,0.0,2575,100.0,2575,2575,2575.0
Chennai,2575,1.75,15,1,0,0.0,2575,100.0,2575,2575,2575.0
Chennai,2575,1.8,15,1,0,0.0,2575,100.0,2575,2575,2575.0
Chennai,2575,1.85,15,1,0,0.0,2575,100.0,2575,2575,2575.0
Chennai,2575,1.9,15,1,0,0.0,2575,100.0,2575,2575,2575.0
Chennai,2575,1.95,15,1,0,0.0,2575,100.0,2575,2575,2575.0
Chennai,2575,2.0,15,1,0,0.0,2575,100.0,2575,2575,2575.0
Chennai,2575,2.05,15,1,0,0.0,2575,100.0,2575,2575,2575.0
Chennai,2575,2.1,15,1,0,0.0,2575,100.0,2575,2575,2575.0
Delhi,2433,0.9,8,7,2376,97.66,57,2.34,10,5,8.0
Delhi,2433,0.95,8,9,2344,96.34,89,3.66,13,8,10.0
Delhi,2433,1.0,8,18,2266,93.14,167,6.86,13,8,8.0
Delhi,2433,1.05,8,29,2167,89.07,266,10.93,14,6,8.0
Delhi,2433,1.1,8,39,2050,84.26,383,15.74,16,6,9.0
Delhi,2433,1.15,8,50,1897,77.97,536,22.03,27,4,10.0
Delhi,2433,1.2,8,69,1671,68.68,762,31.32,29,5,10.0
Delhi,2433,1.25,8,80,1469,60.38,964,39.62,34,5,11.0
Delhi,2433,1.3,8,95,1185,48.71,1248,51.29,45,5,11.0
Delhi,2433,1.35,8,98,1005,41.31,1428,58.69,48,4,11.0
Delhi,2433,1.4,8,90,810,33.29,1623,66.71,103,4,14.0
Delhi,2433,1.45,8,90,615,25.28,1818,74.72,124,2,14.5
Delhi,2433,1.5,8,71,472,19.4,1961,80.6,202,4,17.0
Delhi,2433,1.55,8,59,368,15.13,2065,84.87,276,6,18.0
Delhi,2433,1.6,8,49,246,10.11,2187,89.89,599,5,18.0
Delhi,2433,1.65,8,37,179,7.36,2254,92.64,876,4,22.0
Delhi,2433,1.7,8,25,122,5.01,2311,94.99,1179,3,21.0
Delhi,2433,1.75,8,15,81,3.33,2352,96.67,2103,2,16.0
Delhi,2433,1.8,8,10,46,1.89,2387,98.11,2208,8,16.5
Delhi,2433,1.85,8,4,28,1.15,2405,98.85,2343,16,23.0
Delhi,2433,1.9,8,2,17,0.7,2416,99.3,2402,14,1208.0
Delhi,2433,1.95,8,1,11,0.45,2422,99.55,2422,2422,2422.0
Delhi,2433,2.0,8,1,10,0.41,2423,99.59,2423,2423,2423.0
Delhi,2433,2.05,8,1,8,0.33,2425,99.67,2425,2425,2425.0
Delhi,2433,2.1,8,1,5,0.21,2428,99.79,2428,2428,2428.0
Delhi,2433,0.9,10,0,2433,100.0,0,0.0,0,0,0.0
Delhi,2433,0.95,10,0,2433,100.0,0,0.0,0,0,0.0
Delhi,2433,1.0,10,1,2422,99.55,11,0.45,11,11,11.0
Delhi,2433,1.05,10,3,2399,98.6,34,1.4,12,10,12.0
Delhi,2433,1.1,10,5,2374,97.58,59,2.42,14,10,12.0
Delhi,2433,1.15,10,8,2337,96.05,96,3.95,19,10,10.0
Delhi,2433,1.2,10,12,2286,93.96,147,6.04,20,10,11.5
Delhi,2433,1.25,10,18,2210,90.83,223,9.17,23,10,11.0
Delhi,2433,1.3,10,30,2060,84.67,373,15.33,25,6,11.0
Delhi,2433,1.35,10,43,1885,77.48,548,22.52,29,7,11.0
Delhi,2433,1.4,10,49,1717,70.57,716,29.43,31,7,12.0
Delhi,2433,1.45,10,56,1498,61.57,935,38.43,54,5,14.5
Delhi,2433,1.5,10,64,1297,53.31,1136,46.69,56,7,14.5
Delhi,2433,1.55,10,72,1007,41.39,1426,58.61,97,5,17.0
Delhi,2433,1.6,10,72,771,31.69,1662,68.31,127,5,18.0
Delhi,2433,1.65,10,65,586,24.09,1847,75.91,159,2,18.0
Delhi,2433,1.7,10,53,481,19.77,1952,80.23,274,2,21.0
Delhi,2433,1.75,10,42,362,14.88,2071,85.12,600,1,20.5
Delhi,2433,1.8,10,30,223,9.17,2210,90.83,713,6,24.0
Delhi,2433,1.85,10,19,148,6.08,2285,93.92,1444,9,19.0
Delhi,2433,1.9,10,11,92,3.78,2341,96.22,2058,10,25.0
Delhi,2433,1.95,10,7,56,2.3,2377,97.7,2248,16,24.0
Delhi,2433,2.0,10,6,40,1.64,2393,98.36,2289,15,22.0
Delhi,2433,2.05,10,4,25,1.03,2408,98.97,2340,7,30.5
Delhi,2433,2.1,10,2,16,0.66,2417,99.34,2370,47,1208.5
Delhi,2433,0.9,12,0,2433,100.0,0,0.0,0,0,0.0
Delhi,2433,0.95,12,0,2433,100.0,0,0.0,0,0,0.0
Delhi,2433,1.0,12,0,2433,100.0,0,0.0,0,0,0.0
Delhi,2433,1.05,12,0,2433,100.0,0,0.0,0,0,0.0
Delhi,2433,1.1,12,0,2433,100.0,0,0.0,0,0,0.0
Delhi,2433,1.15,12,0,2433,100.0,0,0.0,0,0,0.0
Delhi,2433,1.2,12,2,2406,98.89,27,1.11,15,12,13.5
Delhi,2433,1.25,12,3,2389,98.19,44,1.81,17,12,15.0
Delhi,2433,1.3,12,5,2362,97.08,71,2.92,19,12,13.0
Delhi,2433,1.35,12,7,2327,95.64,106,4.36,22,12,13.0
Delhi,2433,1.4,12,11,2275,93.51,158,6.49,23,12,12.0
Delhi,2433,1.45,12,21,2123,87.26,310,12.74,28,9,12.0
Delhi,2433,1.5,12,29,1971,81.01,462,18.99,29,8,14.0
Delhi,2433,1.55,12,33,1835,75.42,598,24.58,32,11,16.0
Delhi,2433,1.6,12,44,1594,65.52,839,34.48,58,7,16.0
Delhi,2433,1.65,12,48,1392,57.21,1041,42.79,60,6,19.0
Delhi,2433,1.7,12,57,1116,45.87,1317,54.13,98,5,17.0
Delhi,2433,1.75,12,57,861,35.39,1572,64.61,113,7,20.0
Delhi,2433,1.8,12,52,690,28.36,1743,71.64,131,5,24.5
Delhi,2433,1.85,12,48,534,21.95,1899,78.05,221,1,27.5
Delhi,2433,1.9,12,32,403,16.56,2030,83.44,600,9,23.5
Delhi,2433,1.95,12,24,287,11.8,2146,88.2,1109,7,21.5
Delhi,2433,2.0,12,22,180,7.4,2253,92.6,1245,3,18.5
Delhi,2433,2.05,12,15,133,5.47,2300,94.53,1606,3,20.0
Delhi,2433,2.1,12,8,75,3.08,2358,96.92,2191,5,25.0
Delhi,2433,0.9,15,0,2433,100.0,0,0.0,0,0,0.0
Delhi,2433,0.95,15,0,2433,100.0,0,0.0,0,0,0.0
Delhi,2433,1.0,15,0,2433,100.0,0,0.0,0,0,0.0
Delhi,2433,1.05,15,0,2433,100.0,0,0.0,0,0,0.0
Delhi,2433,1.1,15,0,2433,100.0,0,0.0,0,0,0.0
Delhi,2433,1.15,15,0,2433,100.0,0,0.0,0,0,0.0
Delhi,2433,1.2,15,0,2433,100.0,0,0.0,0,0,0.0
Delhi,2433,1.25,15,0,2433,100.0,0,0.0,0,0,0.0
Delhi,2433,1.3,15,0,2433,100.0,0,0.0,0,0,0.0
Delhi,2433,1.35,15,1,2418,99.38,15,0.62,15,15,15.0
Delhi,2433,1.4,15,1,2413,99.18,20,0.82,20,20,20.0
Delhi,2433,1.45,15,2,2397,98.52,36,1.48,21,15,18.0
Delhi,2433,1.5,15,2,2390,98.23,43,1.77,23,20,21.5
Delhi,2433,1.55,15,5,2331,95.81,102,4.19,26,15,22.0
Delhi,2433,1.6,15,9,2263,93.01,170,6.99,29,15,16.0
Delhi,2433,1.65,15,16,2134,87.71,299,12.29,29,15,16.5
Delhi,2433,1.7,15,18,2042,83.93,391,16.07,47,15,18.0
Delhi,2433,1.75,15,25,1898,78.01,535,21.99,47,11,18.0
Delhi,2433,1.8,15,29,1734,71.27,699,28.73,49,13,21.0
Delhi,2433,1.85,15,37,1504,61.82,929,38.18,76,14,21.0
Delhi,2433,1.9,15,45,1251,51.42,1182,48.58,99,11,19.0
Delhi,2433,1.95,15,49,999,41.06,1434,58.94,108,11,21.0
Delhi,2433,2.0,15,55,778,31.98,1655,68.02,121,4,22.0
Delhi,2433,2.05,15,50,605,24.87,1828,75.13,136,9,26.0
Delhi,2433,2.1,15,38,440,18.08,1993,81.92,330,10,34.5
Hyderabad,2409,0.9,8,34,2049,85.06,360,14.94,20,8,10.0
Hyderabad,2409,0.95,8,51,1828,75.88,581,24.12,25,6,10.0
Hyderabad,2409,1.0,8,60,1664,69.07,745,30.93,26,6,11.0
Hyderabad,2409,1.05,8,77,1386,57.53,1023,42.47,37,7,10.0
Hyderabad,2409,1.1,8,86,1144,47.49,1265,52.51,44,6,12.0
Hyderabad,2409,1.15,8,83,928,38.52,1481,61.48,63,3,13.0
Hyderabad,2409,1.2,8,77,712,29.56,1697,70.44,81,5,16.0
Hyderabad,2409,1.25,8,70,520,21.59,1889,78.41,105,5,20.0
Hyderabad,2409,1.3,8,50,379,15.73,2030,84.27,203,5,25.0
Hyderabad,2409,1.35,8,37,264,10.96,2145,89.04,546,4,31.0
Hyderabad,2409,1.4,8,21,168,6.97,2241,93.03,896,7,29.0
Hyderabad,2409,1.45,8,12,106,4.4,2303,95.6,1876,6,11.5
Hyderabad,2409,1.5,8,8,58,2.41,2351,97.59,2130,4,26.0
Hyderabad,2409,1.55,8,6,39,1.62,2370,98.38,2213,5,26.0
Hyderabad,2409,1.6,8,2,20,0.83,2389,99.17,2379,10,1194.5
Hyderabad,2409,1.65,8,2,10,0.42,2399,99.58,2389,10,1199.5
Hyderabad,2409,1.7,8,1,6,0.25,2403,99.75,2403,2403,2403.0
Hyderabad,2409,1.75,8,1,3,0.12,2406,99.88,2406,2406,2406.0
Hyderabad,2409,1.8,8,1,2,0.08,2407,99.92,2407,2407,2407.0
Hyderabad,2409,1.85,8,1,0,0.0,2409,100.0,2409,2409,2409.0
Hyderabad,2409,1.9,8,1,0,0.0,2409,100.0,2409,2409,2409.0
Hyderabad,2409,1.95,8,1,0,0.0,2409,100.0,2409,2409,2409.0
Hyderabad,2409,2.0,8,1,0,0.0,2409,100.0,2409,2409,2409.0
Hyderabad,2409,2.05,8,1,0,0.0,2409,100.0,2409,2409,2409.0
Hyderabad,2409,2.1,8,1,0,0.0,2409,100.0,2409,2409,2409.0
Hyderabad,2409,0.9,10,6,2340,97.14,69,2.86,16,10,10.0
Hyderabad,2409,0.95,10,11,2281,94.69,128,5.31,18,10,10.0
Hyderabad,2409,1.0,10,20,2157,89.54,252,10.46,19,9,11.0
Hyderabad,2409,1.05,10,26,2053,85.22,356,14.78,20,9,13.0
Hyderabad,2409,1.1,10,38,1871,77.67,538,22.33,23,8,13.0
Hyderabad,2409,1.15,10,50,1634,67.83,775,32.17,35,7,14.0
Hyderabad,2409,1.2,10,54,1443,59.9,966,40.1,47,7,15.5
Hyderabad,2409,1.25,10,63,1178,48.9,1231,51.1,60,6,15.0
Hyderabad,2409,1.3,10,67,956,39.68,1453,60.32,66,5,16.0
Hyderabad,2409,1.35,10,70,730,30.3,1679,69.7,114,5,17.0
Hyderabad,2409,1.4,10,60,558,23.16,1851,76.84,142,5,21.5
Hyderabad,2409,1.45,10,47,412,17.1,1997,82.9,244,4,25.0
Hyderabad,2409,1.5,10,29,275,11.42,2134,88.58,532,6,32.0
Hyderabad,2409,1.55,10,22,172,7.14,2237,92.86,621,4,40.0
Hyderabad,2409,1.6,10,10,103,4.28,2306,95.72,2018,8,36.0
Hyderabad,2409,1.65,10,7,56,2.32,2353,97.68,2149,6,32.0
Hyderabad,2409,1.7,10,5,39,1.62,2370,98.38,2262,5,10.0
Hyderabad,2409,1.75,10,3,30,1.25,2379,98.75,2364,5,10.0
Hyderabad,2409,1.8,10,3,11,0.46,2398,99.54,2386,2,10.0
Hyderabad,2409,1.85,10,1,5,0.21,2404,99.79,2404,2404,2404.0
Hyderabad,2409,1.9,10,1,3,0.12,2406,99.88,2406,2406,2406.0
Hyderabad,2409,1.95,10,1,2,0.08,2407,99.92,2407,2407,2407.0
Hyderabad,2409,2.0,10,1,0,0.0,2409,100.0,2409,2409,2409.0
Hyderabad,2409,2.05,10,1,0,0.0,2409,100.0,2409,2409,2409.0
Hyderabad,2409,2.1,10,1,0,0.0,2409,100.0,2409,2409,2409.0
Hyderabad,2409,0.9,12,0,2409,100.0,0,0.0,0,0,0.0
Hyderabad,2409,0.95,12,1,2397,99.5,12,0.5,12,12,12.0
Hyderabad,2409,1.0,12,1,2394,99.38,15,0.62,15,15,15.0
Hyderabad,2409,1.05,12,3,2369,98.34,40,1.66,16,12,12.0
Hyderabad,2409,1.1,12,6,2317,96.18,92,3.82,18,12,16.5
Hyderabad,2409,1.15,12,14,2190,90.91,219,9.09,22,10,15.5
Hyderabad,2409,1.2,12,21,2050,85.1,359,14.9,32,7,17.0
Hyderabad,2409,1.25,12,33,1835,76.17,574,23.83,40,12,15.0
Hyderabad,2409,1.3,12,40,1636,67.91,773,32.09,41,7,18.0
Hyderabad,2409,1.35,12,41,1455,60.4,954,39.6,50,12,21.0
Hyderabad,2409,1.4,12,51,1184,49.15,1225,50.85,59,11,21.0
Hyderabad,2409,1.45,12,57,930,38.61,1479,61.39,111,7,20.0
Hyderabad,2409,1.5,12,57,733,30.43,1676,69.57,121,4,24.0
Hyderabad,2409,1.55,12,52,554,23.0,1855,77.0,127,7,28.5
Hyderabad,2409,1.6,12,31,403,16.73,2006,83.27,316,8,32.0
Hyderabad,2409,1.65,12,21,272,11.29,2137,88.71,577,9,32.0
Hyderabad,2409,1.7,12,13,184,7.64,2225,92.36,816,9,42.0
Hyderabad,2409,1.75,12,6,126,5.23,2283,94.77,2067,11,45.0
Hyderabad,2409,1.8,12,2,76,3.15,2333,96.85,2323,10,1166.5
Hyderabad,2409,1.85,12,2,48,1.99,2361,98.01,2350,11,1180.5
Hyderabad,2409,1.9,12,1,23,0.95,2386,99.05,2386,2386,2386.0
Hyderabad,2409,1.95,12,1,15,0.62,2394,99.38,2394,2394,2394.0
Hyderabad,2409,2.0,12,1,8,0.33,2401,99.67,2401,2401,2401.0
Hyderabad,2409,2.05,12,1,1,0.04,2408,99.96,2408,2408,2408.0
Hyderabad,2409,2.1,12,1,1,0.04,2408,99.96,2408,2408,2408.0
Hyderabad,2409,0.9,15,0,2409,100.0,0,0.0,0,0,0.0
Hyderabad,2409,0.95,15,0,2409,100.0,0,0.0,0,0,0.0
Hyderabad,2409,1.0,15,0,2409,100.0,0,0.0,0,0,0.0
Hyderabad,2409,1.05,15,0,2409,100.0,0,0.0,0,0,0.0
Hyderabad,2409,1.1,15,0,2409,100.0,0,0.0,0,0,0.0
Hyderabad,2409,1.15,15,1,2394,99.38,15,0.62,15,15,15.0
Hyderabad,2409,1.2,15,3,2360,97.97,49,2.03,19,15,15.0
Hyderabad,2409,1.25,15,6,2309,95.85,100,4.15,21,11,16.5
Hyderabad,2409,1.3,15,9,2236,92.82,173,7.18,30,15,17.0
Hyderabad,2409,1.35,15,12,2165,89.87,244,10.13,32,15,18.0
Hyderabad,2409,1.4,15,22,1956,81.2,453,18.8,40,11,19.5
Hyderabad,2409,1.45,15,26,1778,73.81,631,26.19,42,15,22.0
Hyderabad,2409,1.5,15,33,1589,65.96,820,34.04,47,10,23.0
Hyderabad,2409,1.55,15,37,1395,57.91,1014,42.09,51,10,26.0
Hyderabad,2409,1.6,15,42,1177,48.86,1232,51.14,109,9,25.5
Hyderabad,2409,1.65,15,43,972,40.35,1437,59.65,120,6,29.0
Hyderabad,2409,1.7,15,45,741,30.76,1668,69.24,127,5,33.0
Hyderabad,2409,1.75,15,38,494,20.51,1915,79.49,247,4,36.0
Hyderabad,2409,1.8,15,21,341,14.16,2068,85.84,445,12,31.0
Hyderabad,2409,1.85,15,15,232,9.63,2177,90.37,682,11,28.0
Hyderabad,2409,1.9,15,5,147,6.1,2262,93.9,2084,25,46.0
Hyderabad,2409,1.95,15,4,109,4.52,2300,95.48,2168,25,53.5
Hyderabad,2409,2.0,15,1,92,3.82,2317,96.18,2317,2317,2317.0
Hyderabad,2409,2.05,15,1,51,2.12,2358,97.88,2358,2358,2358.0
Hyderabad,2409,2.1,15,1,28,1.16,2381,98.84,2381,2381,2381.0
Kolkata,2559,0.9,8,74,519,20.28,2040,79.72,171,3,15.0
Kolkata,2559,0.95,8,48,334,13.05,2225,86.95,234,1,19.0
Kolkata,2559,1.0,8,21,181,7.07,2378,92.93,1538,5,15.0
Kolkata,2559,1.05,8,9,101,3.95,2458,96.05,2264,5,14.0
Kolkata,2559,1.1,8,4,58,2.27,2501,97.73,2475,4,11.0
Kolkata,2559,1.15,8,2,35,1.37,2524,98.63,2513,11,1262.0
Kolkata,2559,1.2,8,1,18,0.7,2541,99.3,2541,2541,2541.0
Kolkata,2559,1.25,8,1,11,0.43,2548,99.57,2548,2548,2548.0
Kolkata,2559,1.3,8,1,7,0.27,2552,99.73,2552,2552,2552.0
Kolkata,2559,1.35,8,1,1,0.04,2558,99.96,2558,2558,2558.0
Kolkata,2559,1.4,8,1,1,0.04,2558,99.96,2558,2558,2558.0
Kolkata,2559,1.45,8,1,0,0.0,2559,100.0,2559,2559,2559.0
Kolkata,2559,1.5,8,1,0,0.0,2559,100.0,2559,2559,2559.0
Kolkata,2559,1.55,8,1,0,0.0,2559,100.0,2559,2559,2559.0
Kolkata,2559,1.6,8,1,0,0.0,2559,100.0,2559,2559,2559.0
Kolkata,2559,1.65,8,1,0,0.0,2559,100.0,2559,2559,2559.0
Kolkata,2559,1.7,8,1,0,0.0,2559,100.0,2559,2559,2559.0
Kolkata,2559,1.75,8,1,0,0.0,2559,100.0,2559,2559,2559.0
Kolkata,2559,1.8,8,1,0,0.0,2559,100.0,2559,2559,2559.0
Kolkata,2559,1.85,8,1,0,0.0,2559,100.0,2559,2559,2559.0
Kolkata,2559,1.9,8,1,0,0.0,2559,100.0,2559,2559,2559.0
Kolkata,2559,1.95,8,1,0,0.0,2559,100.0,2559,2559,2559.0
Kolkata,2559,2.0,8,1,0,0.0,2559,100.0,2559,2559,2559.0
Kolkata,2559,2.05,8,1,0,0.0,2559,100.0,2559,2559,2559.0
Kolkata,2559,2.1,8,1,0,0.0,2559,100.0,2559,2559,2559.0
Kolkata,2559,0.9,10,76,1211,47.32,1348,52.68,69,6,14.0
Kolkata,2559,0.95,10,74,873,34.11,1686,65.89,99,6,15.0
Kolkata,2559,1.0,10,61,587,22.94,1972,77.06,195,6,18.0
Kolkata,2559,1.05,10,42,423,16.53,2136,83.47,650,7,20.5
Kolkata,2559,1.1,10,24,232,9.07,2327,90.93,1007,1,23.0
Kolkata,2559,1.15,10,9,151,5.9,2408,94.1,1780,1,25.0
Kolkata,2559,1.2,10,3,69,2.7,2490,97.3,2483,1,6.0
Kolkata,2559,1.25,10,1,47,1.84,2512,98.16,2512,2512,2512.0
Kolkata,2559,1.3,10,1,24,0.94,2535,99.06,2535,2535,2535.0
Kolkata,2559,1.35,10,1,12,0.47,2547,99.53,2547,2547,2547.0
Kolkata,2559,1.4,10,1,9,0.35,2550,99.65,2550,2550,2550.0
Kolkata,2559,1.45,10,1,3,0.12,2556,99.88,2556,2556,2556.0
Kolkata,2559,1.5,10,1,2,0.08,2557,99.92,2557,2557,2557.0
Kolkata,2559,1.55,10,1,1,0.04,2558,99.96,2558,2558,2558.0
Kolkata,2559,1.6,10,1,0,0.0,2559,100.0,2559,2559,2559.0
Kolkata,2559,1.65,10,1,0,0.0,2559,100.0,2559,2559,2559.0
Kolkata,2559,1.7,10,1,0,0.0,2559,100.0,2559,2559,2559.0
Kolkata,2559,1.75,10,1,0,0.0,2559,100.0,2559,2559,2559.0
Kolkata,2559,1.8,10,1,0,0.0,2559,100.0,2559,2559,2559.0
Kolkata,2559,1.85,10,1,0,0.0,2559,100.0,2559,2559,2559.0
Kolkata,2559,1.9,10,1,0,0.0,2559,100.0,2559,2559,2559.0
Kolkata,2559,1.95,10,1,0,0.0,2559,100.0,2559,2559,2559.0
Kolkata,2559,2.0,10,1,0,0.0,2559,100.0,2559,2559,2559.0
Kolkata,2559,2.05,10,1,0,0.0,2559,100.0,2559,2559,2559.0
Kolkata,2559,2.1,10,1,0,0.0,2559,100.0,2559,2559,2559.0
Kolkata,2559,0.9,12,36,1903,74.36,656,25.64,56,11,15.0
Kolkata,2559,0.95,12,50,1616,63.15,943,36.85,65,8,15.0
Kolkata,2559,1.0,12,56,1300,50.8,1259,49.2,97,6,16.0
Kolkata,2559,1.05,12,54,981,38.34,1578,61.66,161,8,19.5
Kolkata,2559,1.1,12,52,597,23.33,1962,76.67,200,5,21.5
Kolkata,2559,1.15,12,35,395,15.44,2164,84.56,552,8,27.0
Kolkata,2559,1.2,12,13,198,7.74,2361,92.26,1428,11,27.0
Kolkata,2559,1.25,12,6,128,5.0,2431,95.0,2205,13,28.5
Kolkata,2559,1.3,12,3,83,3.24,2476,96.76,2432,13,31.0
Kolkata,2559,1.35,12,1,43,1.68,2516,98.32,2516,2516,2516.0
Kolkata,2559,1.4,12,2,24,0.94,2535,99.06,2529,6,1267.5
Kolkata,2559,1.45,12,1,11,0.43,2548,99.57,2548,2548,2548.0
Kolkata,2559,1.5,12,1,9,0.35,2550,99.65,2550,2550,2550.0
Kolkata,2559,1.55,12,1,5,0.2,2554,99.8,2554,2554,2554.0
Kolkata,2559,1.6,12,1,1,0.04,2558,99.96,2558,2558,2558.0
Kolkata,2559,1.65,12,1,0,0.0,2559,100.0,2559,2559,2559.0
Kolkata,2559,1.7,12,1,0,0.0,2559,100.0,2559,2559,2559.0
Kolkata,2559,1.75,12,1,0,0.0,2559,100.0,2559,2559,2559.0
Kolkata,2559,1.8,12,1,0,0.0,2559,100.0,2559,2559,2559.0
Kolkata,2559,1.85,12,1,0,0.0,2559,100.0,2559,2559,2559.0
Kolkata,2559,1.9,12,1,0,0.0,2559,100.0,2559,2559,2559.0
Kolkata,2559,1.95,12,1,0,0.0,2559,100.0,2559,2559,2559.0
Kolkata,2559,2.0,12,1,0,0.0,2559,100.0,2559,2559,2559.0
Kolkata,2559,2.05,12,1,0,0.0,2559,100.0,2559,2559,2559.0
Kolkata,2559,2.1,12,1,0,0.0,2559,100.0,2559,2559,2559.0
Kolkata,2559,0.9,15,3,2499,97.66,60,2.34,23,15,22.0
Kolkata,2559,0.95,15,8,2405,93.98,154,6.02,29,15,18.0
Kolkata,2559,1.0,15,21,2158,84.33,401,15.67,41,8,17.0
Kolkata,2559,1.05,15,28,1888,73.78,671,26.22,62,15,20.0
Kolkata,2559,1.1,15,30,1684,65.81,875,34.19,95,14,23.0
Kolkata,2559,1.15,15,43,1294,50.57,1265,49.43,129,6,23.0
Kolkata,2559,1.2,15,42,894,34.94,1665,65.06,190,10,28.0
Kolkata,2559,1.25,15,36,626,24.46,1933,75.54,279,12,30.5
Kolkata,2559,1.3,15,26,406,15.87,2153,84.13,369,9,38.5
Kolkata,2559,1.35,15,14,196,7.66,2363,92.34,1184,13,51.0
Kolkata,2559,1.4,15,4,123,4.81,2436,95.19,2153,29,127.0
Kolkata,2559,1.45,15,1,68,2.66,2491,97.34,2491,2491,2491.0
Kolkata,2559,1.5,15,1,38,1.48,2521,98.52,2521,2521,2521.0
Kolkata,2559,1.55,15,1,19,0.74,2540,99.26,2540,2540,2540.0
Kolkata,2559,1.6,15,1,11,0.43,2548,99.57,2548,2548,2548.0
Kolkata,2559,1.65,15,1,4,0.16,2555,99.84,2555,2555,2555.0
Kolkata,2559,1.7,15,1,2,0.08,2557,99.92,2557,2557,2557.0
Kolkata,2559,1.75,15,1,1,0.04,2558,99.96,2558,2558,2558.0
Kolkata,2559,1.8,15,1,0,0.0,2559,100.0,2559,2559,2559.0
Kolkata,2559,1.85,15,1,0,0.0,2559,100.0,2559,2559,2559.0
Kolkata,2559,1.9,15,1,0,0.0,2559,100.0,2559,2559,2559.0
Kolkata,2559,1.95,15,1,0,0.0,2559,100.0,2559,2559,2559.0
Kolkata,2559,2.0,15,1,0,0.0,2559,100.0,2559,2559,2559.0
Kolkata,2559,2.05,15,1,0,0.0,2559,100.0,2559,2559,2559.0
Kolkata,2559,2.1,15,1,0,0.0,2559,100.0,2559,2559,2559.0
Mumbai,2492,0.9,8,51,1964,78.81,528,21.19,31,4,9.0
Mumbai,2492,0.95,8,63,1728,69.34,764,30.66,36,5,10.0
Mumbai,2492,1.0,8,76,1500,60.19,992,39.81,39,3,11.0
Mumbai,2492,1.05,8,92,1173,47.07,1319,52.93,47,6,11.0
Mumbai,2492,1.1,8,94,916,36.76,1576,63.24,82,5,11.0
Mumbai,2492,1.15,8,88,689,27.65,1803,72.35,101,5,12.0
Mumbai,2492,1.2,8,64,514,20.63,1978,79.37,150,3,15.5
Mumbai,2492,1.25,8,48,359,14.41,2133,85.59,321,6,18.0
Mumbai,2492,1.3,8,33,211,8.47,2281,91.53,469,3,15.0
Mumbai,2492,1.35,8,14,128,5.14,2364,94.86,1734,5,20.0
Mumbai,2492,1.4,8,11,73,2.93,2419,97.07,2281,4,9.0
Mumbai,2492,1.45,8,3,47,1.89,2445,98.11,2432,3,10.0
Mumbai,2492,1.5,8,1,24,0.96,2468,99.04,2468,2468,2468.0
Mumbai,2492,1.55,8,1,11,0.44,2481,99.56,2481,2481,2481.0
Mumbai,2492,1.6,8,1,8,0.32,2484,99.68,2484,2484,2484.0
Mumbai,2492,1.65,8,1,6,0.24,2486,99.76,2486,2486,2486.0
Mumbai,2492,1.7,8,1,3,0.12,2489,99.88,2489,2489,2489.0
Mumbai,2492,1.75,8,1,2,0.08,2490,99.92,2490,2490,2490.0
Mumbai,2492,1.8,8,1,1,0.04,2491,99.96,2491,2491,2491.0
Mumbai,2492,1.85,8,1,0,0.0,2492,100.0,2492,2492,2492.0
Mumbai,2492,1.9,8,1,0,0.0,2492,100.0,2492,2492,2492.0
Mumbai,2492,1.95,8,1,0,0.0,2492,100.0,2492,2492,2492.0
Mumbai,2492,2.0,8,1,0,0.0,2492,100.0,2492,2492,2492.0
Mumbai,2492,2.05,8,1,0,0.0,2492,100.0,2492,2492,2492.0
Mumbai,2492,2.1,8,1,0,0.0,2492,100.0,2492,2492,2492.0
Mumbai,2492,0.9,10,10,2376,95.35,116,4.65,15,10,11.0
Mumbai,2492,0.95,10,16,2278,91.41,214,8.59,36,10,11.0
Mumbai,2492,1.0,10,26,2153,86.4,339,13.6,37,8,11.0
Mumbai,2492,1.05,10,38,1985,79.65,507,20.35,37,4,11.0
Mumbai,2492,1.1,10,48,1766,70.87,726,29.13,41,6,13.0
Mumbai,2492,1.15,10,56,1496,60.03,996,39.97,49,8,14.5
Mumbai,2492,1.2,10,62,1191,47.79,1301,52.21,80,9,15.0
Mumbai,2492,1.25,10,67,920,36.92,1572,63.08,127,6,14.0
Mumbai,2492,1.3,10,58,676,27.13,1816,72.87,135,5,17.0
Mumbai,2492,1.35,10,48,489,19.62,2003,80.38,164,4,20.5
Mumbai,2492,1.4,10,36,311,12.48,2181,87.52,500,4,21.5
Mumbai,2492,1.45,10,24,220,8.83,2272,91.17,1046,3,24.0
Mumbai,2492,1.5,10,13,144,5.78,2348,94.22,1727,5,18.0
Mumbai,2492,1.55,10,12,61,2.45,2431,97.55,2294,5,10.5
Mumbai,2492,1.6,10,6,43,1.73,2449,98.27,2388,5,11.5
Mumbai,2492,1.65,10,4,27,1.08,2465,98.92,2417,11,18.5
Mumbai,2492,1.7,10,1,18,0.72,2474,99.28,2474,2474,2474.0
Mumbai,2492,1.75,10,1,5,0.2,2487,99.8,2487,2487,2487.0
Mumbai,2492,1.8,10,1,3,0.12,2489,99.88,2489,2489,2489.0
Mumbai,2492,1.85,10,1,0,0.0,2492,100.0,2492,2492,2492.0
Mumbai,2492,1.9,10,1,0,0.0,2492,100.0,2492,2492,2492.0
Mumbai,2492,1.95,10,1,0,0.0,2492,100.0,2492,2492,2492.0
Mumbai,2492,2.0,10,1,0,0.0,2492,100.0,2492,2492,2492.0
Mumbai,2492,2.05,10,1,0,0.0,2492,100.0,2492,2492,2492.0
Mumbai,2492,2.1,10,1,0,0.0,2492,100.0,2492,2492,2492.0
Mumbai,2492,0.9,12,1,2477,99.4,15,0.6,15,15,15.0
Mumbai,2492,0.95,12,3,2452,98.39,40,1.61,16,12,12.0
Mumbai,2492,1.0,12,6,2408,96.63,84,3.37,22,10,12.0
Mumbai,2492,1.05,12,6,2403,96.43,89,3.57,23,10,13.5
Mumbai,2492,1.1,12,15,2260,90.69,232,9.31,37,12,13.0
Mumbai,2492,1.15,12,24,2117,84.95,375,15.05,37,10,14.0
Mumbai,2492,1.2,12,36,1862,74.72,630,25.28,42,8,14.5
Mumbai,2492,1.25,12,46,1622,65.09,870,34.91,46,9,15.0
Mumbai,2492,1.3,12,45,1436,57.62,1056,42.38,73,8,17.0
Mumbai,2492,1.35,12,50,1132,45.43,1360,54.57,123,7,17.0
Mumbai,2492,1.4,12,44,866,34.75,1626,65.25,150,11,19.5
Mumbai,2492,1.45,12,44,633,25.4,1859,74.6,269,4,22.5
Mumbai,2492,1.5,12,34,485,19.46,2007,80.54,394,6,30.0
Mumbai,2492,1.55,12,23,326,13.08,2166,86.92,546,5,34.0
Mumbai,2492,1.6,12,15,201,8.07,2291,91.93,1297,8,25.0
Mumbai,2492,1.65,12,8,128,5.14,2364,94.86,1683,7,25.0
Mumbai,2492,1.7,12,8,82,3.29,2410,96.71,1714,2,25.5
Mumbai,2492,1.75,12,5,39,1.57,2453,98.43,2389,2,23.0
Mumbai,2492,1.8,12,1,23,0.92,2469,99.08,2469,2469,2469.0
Mumbai,2492,1.85,12,1,8,0.32,2484,99.68,2484,2484,2484.0
Mumbai,2492,1.9,12,1,6,0.24,2486,99.76,2486,2486,2486.0
Mumbai,2492,1.95,12,1,2,0.08,2490,99.92,2490,2490,2490.0
Mumbai,2492,2.0,12,1,2,0.08,2490,99.92,2490,2490,2490.0
Mumbai,2492,2.05,12,1,1,0.04,2491,99.96,2491,2491,2491.0
Mumbai,2492,2.1,12,1,1,0.04,2491,99.96,2491,2491,2491.0
Mumbai,2492,0.9,15,0,2492,100.0,0,0.0,0,0,0.0
Mumbai,2492,0.95,15,0,2492,100.0,0,0.0,0,0,0.0
Mumbai,2492,1.0,15,0,2492,100.0,0,0.0,0,0,0.0
Mumbai,2492,1.05,15,0,2492,100.0,0,0.0,0,0,0.0
Mumbai,2492,1.1,15,1,2477,99.4,15,0.6,15,15,15.0
Mumbai,2492,1.15,15,1,2468,99.04,24,0.96,24,24,24.0
Mumbai,2492,1.2,15,2,2451,98.35,41,1.65,26,15,20.5
Mumbai,2492,1.25,15,8,2342,93.98,150,6.02,36,15,15.5
Mumbai,2492,1.3,15,14,2224,89.25,268,10.75,36,15,16.0
Mumbai,2492,1.35,15,20,2085,83.67,407,16.33,42,15,16.5
Mumbai,2492,1.4,15,31,1820,73.03,672,26.97,47,10,16.0
Mumbai,2492,1.45,15,34,1604,64.37,888,35.63,58,5,19.5
Mumbai,2492,1.5,15,36,1363,54.7,1129,45.3,148,8,19.0
Mumbai,2492,1.55,15,39,1097,44.02,1395,55.98,159,8,20.0
Mumbai,2492,1.6,15,33,834,33.47,1658,66.53,274,8,31.0
Mumbai,2492,1.65,15,29,655,26.28,1837,73.72,470,2,21.0
Mumbai,2492,1.7,15,24,440,17.66,2052,82.34,773,8,23.5
Mumbai,2492,1.75,15,20,264,10.59,2228,89.41,830,8,27.0
Mumbai,2492,1.8,15,11,188,7.54,2304,92.46,1673,15,32.0
Mumbai,2492,1.85,15,6,119,4.78,2373,95.22,1952,17,100.0
Mumbai,2492,1.9,15,3,75,3.01,2417,96.99,2371,17,29.0
Mumbai,2492,1.95,15,4,41,1.65,2451,98.35,2400,5,23.0
Mumbai,2492,2.0,15,4,29,1.16,2463,98.84,2410,5,24.0
Mumbai,2492,2.05,15,1,12,0.48,2480,99.52,2480,2480,2480.0
Mumbai,2492,2.1,15,1,8,0.32,2484,99.68,2484,2484,2484.0
Pune,2517,0.9,8,70,579,23.0,1938,77.0,206,4,16.5
Pune,2517,0.95,8,55,388,15.42,2129,84.58,313,4,18.0
Pune,2517,1.0,8,31,257,10.21,2260,89.79,791,5,21.0
Pune,2517,1.05,8,19,161,6.4,2356,93.6,1371,6,33.0
Pune,2517,1.1,8,9,94,3.73,2423,96.27,2212,5,13.0
Pune,2517,1.15,8,3,62,2.46,2455,97.54,2400,8,47.0
Pune,2517,1.2,8,2,28,1.11,2489,98.89,2480,9,1244.5
Pune,2517,1.25,8,2,14,0.56,2503,99.44,2492,11,1251.5
Pune,2517,1.3,8,1,11,0.44,2506,99.56,2506,2506,2506.0
Pune,2517,1.35,8,1,5,0.2,2512,99.8,2512,2512,2512.0
Pune,2517,1.4,8,1,1,0.04,2516,99.96,2516,2516,2516.0
Pune,2517,1.45,8,1,0,0.0,2517,100.0,2517,2517,2517.0
Pune,2517,1.5,8,1,0,0.0,2517,100.0,2517,2517,2517.0
Pune,2517,1.55,8,1,0,0.0,2517,100.0,2517,2517,2517.0
Pune,2517,1.6,8,1,0,0.0,2517,100.0,2517,2517,2517.0
Pune,2517,1.65,8,1,0,0.0,2517,100.0,2517,2517,2517.0
Pune,2517,1.7,8,1,0,0.0,2517,100.0,2517,2517,2517.0
Pune,2517,1.75,8,1,0,0.0,2517,100.0,2517,2517,2517.0
Pune,2517,1.8,8,1,0,0.0,2517,100.0,2517,2517,2517.0
Pune,2517,1.85,8,1,0,0.0,2517,100.0,2517,2517,2517.0
Pune,2517,1.9,8,1,0,0.0,2517,100.0,2517,2517,2517.0
Pune,2517,1.95,8,1,0,0.0,2517,100.0,2517,2517,2517.0
Pune,2517,2.0,8,1,0,0.0,2517,100.0,2517,2517,2517.0
Pune,2517,2.05,8,1,0,0.0,2517,100.0,2517,2517,2517.0
Pune,2517,2.1,8,1,0,0.0,2517,100.0,2517,2517,2517.0
Pune,2517,0.9,10,60,1287,51.13,1230,48.87,64,8,16.0
Pune,2517,0.95,10,69,917,36.43,1600,63.57,129,6,15.0
Pune,2517,1.0,10,64,619,24.59,1898,75.41,202,5,18.0
Pune,2517,1.05,10,48,410,16.29,2107,83.71,301,2,18.0
Pune,2517,1.1,10,30,267,10.61,2250,89.39,353,6,31.0
Pune,2517,1.15,10,10,169,6.71,2348,93.29,2058,8,26.5
Pune,2517,1.2,10,6,110,4.37,2407,95.63,2305,7,17.5
Pune,2517,1.25,10,4,62,2.46,2455,97.54,2379,10,33.0
Pune,2517,1.3,10,2,36,1.43,2481,98.57,2471,10,1240.5
Pune,2517,1.35,10,2,20,0.79,2497,99.21,2487,10,1248.5
Pune,2517,1.4,10,1,15,0.6,2502,99.4,2502,2502,2502.0
Pune,2517,1.45,10,1,9,0.36,2508,99.64,2508,2508,2508.0
Pune,2517,1.5,10,1,4,0.16,2513,99.84,2513,2513,2513.0
Pune,2517,1.55,10,1,0,0.0,2517,100.0,2517,2517,2517.0
Pune,2517,1.6,10,1,0,0.0,2517,100.0,2517,2517,2517.0
Pune,2517,1.65,10,1,0,0.0,2517,100.0,2517,2517,2517.0
Pune,2517,1.7,10,1,0,0.0,2517,100.0,2517,2517,2517.0
Pune,2517,1.75,10,1,0,0.0,2517,100.0,2517,2517,2517.0
Pune,2517,1.8,10,1,0,0.0,2517,100.0,2517,2517,2517.0
Pune,2517,1.85,10,1,0,0.0,2517,100.0,2517,2517,2517.0
Pune,2517,1.9,10,1,0,0.0,2517,100.0,2517,2517,2517.0
Pune,2517,1.95,10,1,0,0.0,2517,100.0,2517,2517,2517.0
Pune,2517,2.0,10,1,0,0.0,2517,100.0,2517,2517,2517.0
Pune,2517,2.05,10,1,0,0.0,2517,100.0,2517,2517,2517.0
Pune,2517,2.1,10,1,0,0.0,2517,100.0,2517,2517,2517.0
Pune,2517,0.9,12,34,1933,76.8,584,23.2,50,11,14.5
Pune,2517,0.95,12,50,1616,64.2,901,35.8,58,4,14.0
Pune,2517,1.0,12,49,1275,50.66,1242,49.34,94,8,18.0
Pune,2517,1.05,12,56,981,38.97,1536,61.03,131,7,18.0
Pune,2517,1.1,12,56,667,26.5,1850,73.5,198,6,20.5
Pune,2517,1.15,12,46,426,16.92,2091,83.08,232,3,25.5
Pune,2517,1.2,12,27,253,10.05,2264,89.95,378,4,42.0
Pune,2517,1.25,12,14,165,6.56,2352,93.44,1368,2,46.0
Pune,2517,1.3,12,6,103,4.09,2414,95.91,2117,8,74.5
Pune,2517,1.35,12,2,67,2.66,2450,97.34,2403,47,1225.0
Pune,2517,1.4,12,1,43,1.71,2474,98.29,2474,2474,2474.0
Pune,2517,1.45,12,1,38,1.51,2479,98.49,2479,2479,2479.0
Pune,2517,1.5,12,1,17,0.68,2500,99.32,2500,2500,2500.0
Pune,2517,1.55,12,1,11,0.44,2506,99.56,2506,2506,2506.0
Pune,2517,1.6,12,1,3,0.12,2514,99.88,2514,2514,2514.0
Pune,2517,1.65,12,1,0,0.0,2517,100.0,2517,2517,2517.0
Pune,2517,1.7,12,1,0,0.0,2517,100.0,2517,2517,2517.0
Pune,2517,1.75,12,1,0,0.0,2517,100.0,2517,2517,2517.0
Pune,2517,1.8,12,1,0,0.0,2517,100.0,2517,2517,2517.0
Pune,2517,1.85,12,1,0,0.0,2517,100.0,2517,2517,2517.0
Pune,2517,1.9,12,1,0,0.0,2517,100.0,2517,2517,2517.0
Pune,2517,1.95,12,1,0,0.0,2517,100.0,2517,2517,2517.0
Pune,2517,2.0,12,1,0,0.0,2517,100.0,2517,2517,2517.0
Pune,2517,2.05,12,1,0,0.0,2517,100.0,2517,2517,2517.0
Pune,2517,2.1,12,1,0,0.0,2517,100.0,2517,2517,2517.0
Pune,2517,0.9,15,5,2421,96.19,96,3.81,31,15,16.0
Pune,2517,0.95,15,10,2320,92.17,197,7.83,43,15,17.0
Pune,2517,1.0,15,22,2109,83.79,408,16.21,44,12,16.0
Pune,2517,1.05,15,26,1922,76.36,595,23.64,50,13,21.0
Pune,2517,1.1,15,31,1653,65.67,864,34.33,73,14,22.0
Pune,2517,1.15,15,36,1321,52.48,1196,47.52,107,12,25.5
Pune,2517,1.2,15,45,951,37.78,1566,62.22,178,8,23.0
Pune,2517,1.25,15,44,649,25.78,1868,74.22,238,5,27.0
Pune,2517,1.3,15,29,426,16.92,2091,83.08,455,10,41.0
Pune,2517,1.35,15,17,257,10.21,2260,89.79,569,9,47.0
Pune,2517,1.4,15,8,150,5.96,2367,94.04,2098,12,33.5
Pune,2517,1.45,15,3,103,4.09,2414,95.91,2360,10,44.0
Pune,2517,1.5,15,2,62,2.46,2455,97.54,2447,8,1227.5
Pune,2517,1.55,15,1,43,1.71,2474,98.29,2474,2474,2474.0
Pune,2517,1.6,15,1,25,0.99,2492,99.01,2492,2492,2492.0
Pune,2517,1.65,15,1,17,0.68,2500,99.32,2500,2500,2500.0
Pune,2517,1.7,15,1,12,0.48,2505,99.52,2505,2505,2505.0
Pune,2517,1.75,15,1,10,0.4,2507,99.6,2507,2507,2507.0
Pune,2517,1.8,15,1,2,0.08,2515,99.92,2515,2515,2515.0
Pune,2517,1.85,15,1,0,0.0,2517,100.0,2517,2517,2517.0
Pune,2517,1.9,15,1,0,0.0,2517,100.0,2517,2517,2517.0
Pune,2517,1.95,15,1,0,0.0,2517,100.0,2517,2517,2517.0
Pune,2517,2.0,15,1,0,0.0,2517,100.0,2517,2517,2517.0
Pune,2517,2.05,15,1,0,0.0,2517,100.0,2517,2517,2517.0
Pune,2517,2.1,15,1,0,0.0,2517,100.0,2517,2517,2517.0
