cluster_id,city,accident_count,fatal_accidents,major_accidents,minor_accidents,fatal_percentage,major_percentage,minor_percentage,total_casualties,mean_casualties,median_casualties,mean_risk_score,median_risk_score,max_risk_score,mean_vehicles_involved,centroid_latitude,centroid_longitude,dominant_cause,dominant_road_type,dominant_weather,dominant_traffic_density,peak_hour_percentage,weekend_percentage,city_accident_count_rank,hotspot_candidate
6,Bangalore,205,29,65,111,14.146341463414632,31.70731707317073,54.146341463414636,342,1.6682926829268292,1.0,0.432439024390244,0.45,1.0,3.0195121951219512,13.11939124390244,77.59907722926829,poor road,highway,clear,high,28.780487804878046,26.82926829268293,1,True
14,Bangalore,193,34,57,102,17.616580310880828,29.533678756476682,52.84974093264248,350,1.8134715025906736,2.0,0.41217616580310884,0.45,1.0,2.994818652849741,12.881890808290157,77.75054448704664,drunk driving,rural,rain,low,22.797927461139896,30.05181347150259,2,True
0,Bangalore,187,23,63,101,12.299465240641712,33.68983957219251,54.01069518716578,343,1.8342245989304813,2.0,0.4149732620320857,0.45,0.85,3.144385026737968,12.947697208556148,77.62264565240642,weather,urban,clear,high,23.52941176470588,28.87700534759358,3,True
4,Bangalore,127,27,41,59,21.25984251968504,32.28346456692913,46.45669291338583,222,1.7480314960629921,2.0,0.45629921259842515,0.45,1.0,2.9133858267716537,13.088763338582677,77.77189239370078,overspeeding,urban,clear,high,34.645669291338585,30.708661417322837,4,True
2,Bangalore,122,22,23,77,18.0327868852459,18.852459016393443,63.114754098360656,200,1.639344262295082,1.0,0.45860655737704914,0.45,1.0,2.9672131147540983,12.82719462295082,77.4950228852459,distraction,rural,fog,high,20.491803278688526,31.147540983606557,5,True
5,Bangalore,106,14,27,65,13.20754716981132,25.471698113207548,61.32075471698113,188,1.7735849056603774,1.0,0.43066037735849055,0.45,0.85,3.009433962264151,13.087126622641511,77.52766598113207,distraction,rural,fog,low,18.867924528301888,32.075471698113205,6,True
15,Bangalore,74,12,23,39,16.216216216216218,31.08108108108108,52.702702702702695,122,1.6486486486486487,1.0,0.4337837837837839,0.45,1.0,2.9594594594594597,13.176591972972973,77.44725224324324,distraction,rural,clear,high,21.62162162162162,35.13513513513514,7,True
23,Bangalore,64,13,12,39,20.3125,18.75,60.9375,110,1.71875,2.0,0.4625,0.45,1.0,2.890625,13.08184353125,77.4288565625,weather,highway,clear,high,34.375,20.3125,8,True
18,Bangalore,59,5,15,39,8.47457627118644,25.423728813559322,66.10169491525424,103,1.7457627118644068,1.0,0.38898305084745766,0.45,0.8,3.016949152542373,13.074963711864408,77.64640130508472,weather,highway,clear,low,20.33898305084746,23.728813559322035,9,True
1,Bangalore,53,4,12,37,7.547169811320755,22.641509433962266,69.81132075471697,84,1.5849056603773586,1.0,0.4528301886792453,0.45,1.0,2.9245283018867925,12.868490075471701,77.68642050943396,poor road,highway,rain,high,32.075471698113205,24.528301886792452,10,True
11,Bangalore,53,6,16,31,11.320754716981133,30.18867924528302,58.490566037735846,74,1.3962264150943395,1.0,0.4867924528301887,0.45,1.0,2.7735849056603774,13.007453924528303,77.54970718867925,overspeeding,highway,fog,high,24.528301886792452,24.528301886792452,10,True
17,Bangalore,52,7,17,28,13.461538461538462,32.69230769230769,53.84615384615385,94,1.8076923076923077,1.0,0.42980769230769234,0.45,0.8,3.326923076923077,13.069299903846156,77.71259626923077,overspeeding,highway,fog,low,19.230769230769234,23.076923076923077,11,True
16,Bangalore,48,9,17,22,18.75,35.41666666666667,45.83333333333333,81,1.6875,2.0,0.45416666666666666,0.45,1.0,2.8541666666666665,12.987956875,77.45374658333334,distraction,rural,rain,low,29.166666666666668,31.25,12,True
12,Bangalore,47,6,16,25,12.76595744680851,34.04255319148936,53.191489361702125,86,1.8297872340425532,1.0,0.4404255319148937,0.45,0.8,3.1702127659574466,12.819719957446809,77.63639491489361,weather,highway,clear,high,21.27659574468085,36.17021276595745,13,True
19,Bangalore,42,8,13,21,19.047619047619047,30.952380952380953,50.0,68,1.619047619047619,1.0,0.4095238095238095,0.45,0.8,3.0238095238095237,12.930677595238096,77.48603892857143,overspeeding,rural,clear,low,21.428571428571427,28.57142857142857,14,True
24,Bangalore,41,5,13,23,12.195121951219512,31.70731707317073,56.09756097560976,67,1.6341463414634145,1.0,0.4536585365853658,0.45,0.85,2.7804878048780486,12.889713975609755,77.49672568292684,drunk driving,rural,clear,high,39.02439024390244,31.70731707317073,15,True
25,Bangalore,34,3,8,23,8.823529411764707,23.52941176470588,67.64705882352942,53,1.5588235294117647,1.0,0.43676470588235294,0.45,0.8,2.8823529411764706,12.99329711764706,77.41700102941178,weather,rural,fog,medium,14.705882352941178,35.294117647058826,16,True
36,Bangalore,34,7,9,18,20.588235294117645,26.47058823529412,52.94117647058824,43,1.2647058823529411,1.0,0.4102941176470588,0.45,0.8,2.3823529411764706,12.988560735294119,77.7799108235294,weather,rural,clear,low,26.47058823529412,14.705882352941178,16,True
3,Bangalore,30,4,5,21,13.333333333333334,16.666666666666664,70.0,55,1.8333333333333333,1.0,0.4383333333333333,0.45,0.85,3.1666666666666665,13.03027043333333,77.66868846666665,distraction,urban,fog,high,16.666666666666664,20.0,17,True
21,Bangalore,30,7,4,19,23.333333333333332,13.333333333333334,63.33333333333333,60,2.0,2.0,0.4333333333333333,0.45,0.85,3.033333333333333,13.181139733333334,77.70296716666667,overspeeding,rural,fog,low,23.333333333333332,16.666666666666664,17,True
9,Bangalore,29,4,11,14,13.793103448275861,37.93103448275862,48.275862068965516,53,1.8275862068965518,1.0,0.4689655172413793,0.45,1.0,3.206896551724138,12.933624068965514,77.55896675862068,distraction,urban,fog,low,34.48275862068966,37.93103448275862,18,True
26,Bangalore,28,6,10,12,21.428571428571427,35.714285714285715,42.857142857142854,50,1.7857142857142858,1.5,0.4607142857142857,0.45,0.85,3.0,12.933106571428572,77.4211927857143,drunk driving,urban,fog,high,25.0,21.428571428571427,19,True
27,Bangalore,27,2,6,19,7.4074074074074066,22.22222222222222,70.37037037037037,41,1.5185185185185186,1.0,0.38148148148148153,0.45,0.65,3.0,12.84637522222222,77.41799051851852,poor road,rural,rain,low,29.629629629629626,18.51851851851852,20,True
8,Bangalore,25,1,7,17,4.0,28.000000000000004,68.0,24,0.96,1.0,0.406,0.45,0.85,2.72,13.015168640000002,77.51111660000001,overspeeding,highway,clear,high,12.0,28.000000000000004,21,True
29,Bangalore,25,6,7,12,24.0,28.000000000000004,48.0,49,1.96,2.0,0.4799999999999999,0.45,0.85,3.24,12.91206332,77.59509924,drunk driving,rural,rain,medium,28.000000000000004,44.0,21,True
31,Bangalore,25,3,8,14,12.0,32.0,56.00000000000001,42,1.68,1.0,0.462,0.45,1.0,3.48,12.887994640000002,77.43502416,weather,highway,rain,high,32.0,28.000000000000004,21,True
32,Bangalore,25,6,9,10,24.0,36.0,40.0,43,1.72,1.0,0.46199999999999997,0.45,0.8,2.92,12.819383,77.57454272,weather,highway,fog,low,16.0,36.0,21,True
30,Bangalore,23,3,5,15,13.043478260869565,21.73913043478261,65.21739130434783,40,1.7391304347826086,1.0,0.4108695652173912,0.45,0.8,3.0,13.159509608695652,77.73825626086953,distraction,urban,clear,high,30.434782608695656,39.130434782608695,22,True
20,Bangalore,22,2,7,13,9.090909090909092,31.818181818181817,59.09090909090909,38,1.7272727272727273,2.0,0.37954545454545463,0.45,0.8,2.5454545454545454,13.129988954545455,77.47106145454546,overspeeding,rural,rain,low,13.636363636363635,27.27272727272727,23,True
28,Bangalore,21,3,7,11,14.285714285714285,33.33333333333333,52.38095238095239,31,1.4761904761904763,1.0,0.5357142857142857,0.45,0.8,2.8095238095238093,13.003965095238097,77.71587014285713,poor road,rural,fog,low,23.809523809523807,28.57142857142857,24,True
22,Bangalore,18,3,4,11,16.666666666666664,22.22222222222222,61.111111111111114,36,2.0,2.0,0.4666666666666667,0.45,1.0,3.1666666666666665,12.960958833333333,77.69306399999999,drunk driving,highway,clear,high,33.33333333333333,33.33333333333333,25,True
13,Bangalore,17,1,4,12,5.88235294117647,23.52941176470588,70.58823529411765,23,1.3529411764705883,1.0,0.37058823529411766,0.45,0.8,2.7058823529411766,13.117393823529412,77.72704058823531,distraction,highway,clear,low,17.647058823529413,64.70588235294117,26,True
33,Bangalore,16,3,4,9,18.75,25.0,56.25,32,2.0,2.0,0.33125,0.275,0.65,3.1875,12.86323225,77.59442824999999,drunk driving,rural,clear,low,6.25,31.25,27,True
10,Bangalore,15,4,4,7,26.666666666666668,26.666666666666668,46.666666666666664,24,1.6,2.0,0.45999999999999996,0.45,0.8,2.8,13.132887400000003,77.67453086666666,drunk driving,urban,fog,medium,26.666666666666668,26.666666666666668,28,True
38,Bangalore,15,3,6,6,20.0,40.0,40.0,24,1.6,1.0,0.4666666666666667,0.45,0.85,2.933333333333333,13.111642333333334,77.6615744,overspeeding,highway,fog,medium,13.333333333333334,26.666666666666668,28,True
39,Bangalore,15,1,9,5,6.666666666666667,60.0,33.33333333333333,23,1.5333333333333334,1.0,0.4666666666666667,0.45,0.8,3.2666666666666666,13.079557866666667,77.47255733333331,distraction,rural,fog,low,13.333333333333334,26.666666666666668,28,True
45,Bangalore,15,5,3,7,33.33333333333333,20.0,46.666666666666664,18,1.2,1.0,0.5466666666666667,0.5,1.0,1.8,12.921297800000001,77.67841293333332,drunk driving,highway,fog,high,33.33333333333333,33.33333333333333,28,True
52,Chennai,237,38,80,119,16.033755274261605,33.755274261603375,50.210970464135016,400,1.6877637130801688,1.0,0.4170886075949368,0.45,1.0,2.9451476793248945,13.126401210970464,80.13872071729959,weather,rural,clear,low,23.20675105485232,31.645569620253166,1,True
50,Chennai,211,32,61,118,15.165876777251185,28.90995260663507,55.92417061611374,345,1.6350710900473933,1.0,0.45521327014218016,0.45,1.0,2.995260663507109,12.969524293838864,80.25325986255923,weather,highway,fog,high,26.540284360189574,30.80568720379147,2,True
49,Chennai,172,32,47,93,18.6046511627907,27.325581395348834,54.06976744186046,311,1.808139534883721,2.0,0.45494186046511625,0.45,1.0,3.0406976744186047,12.899830011627907,80.16449947674418,drunk driving,highway,fog,high,26.16279069767442,25.581395348837212,3,True
56,Chennai,147,28,46,73,19.047619047619047,31.292517006802722,49.65986394557823,284,1.9319727891156462,2.0,0.4687074829931973,0.45,1.0,3.0272108843537415,13.169815061224492,80.19112854421768,distraction,highway,fog,high,29.25170068027211,27.2108843537415,4,True
60,Chennai,146,25,47,74,17.123287671232877,32.19178082191781,50.68493150684932,240,1.643835616438356,1.0,0.4445205479452055,0.45,1.0,2.9863013698630136,13.065147773972603,80.2349011780822,poor road,highway,clear,high,28.767123287671232,28.08219178082192,5,True
77,Chennai,93,10,34,49,10.75268817204301,36.55913978494624,52.68817204301075,163,1.7526881720430108,2.0,0.4134408602150538,0.45,1.0,3.129032258064516,13.14116639784946,80.26590924731184,overspeeding,urban,clear,low,22.58064516129032,31.182795698924732,6,True
53,Chennai,88,16,23,49,18.181818181818183,26.136363636363637,55.68181818181818,160,1.8181818181818181,1.0,0.4602272727272727,0.45,0.9,2.8181818181818183,12.913352488636365,80.22049765909091,drunk driving,urban,rain,high,27.27272727272727,21.59090909090909,7,True
54,Chennai,79,8,28,43,10.126582278481013,35.44303797468354,54.43037974683544,117,1.481012658227848,1.0,0.4037974683544304,0.45,0.85,2.9367088607594938,12.882011898734177,80.12818681012658,overspeeding,rural,clear,low,22.78481012658228,31.645569620253166,8,True
61,Chennai,72,9,13,50,12.5,18.055555555555554,69.44444444444444,135,1.875,1.0,0.4048611111111111,0.45,1.0,3.1805555555555554,12.823265805555558,80.14395481944445,weather,urban,clear,low,22.22222222222222,23.61111111111111,9,True
59,Chennai,48,9,17,22,18.75,35.41666666666667,45.83333333333333,84,1.75,1.0,0.3979166666666667,0.45,1.0,3.125,12.864256270833332,80.23475614583333,drunk driving,highway,clear,low,16.666666666666664,35.41666666666667,10,True
55,Chennai,43,7,14,22,16.27906976744186,32.55813953488372,51.162790697674424,91,2.116279069767442,2.0,0.40813953488372084,0.45,0.65,3.2093023255813953,12.81382023255814,80.26175960465116,overspeeding,rural,fog,low,16.27906976744186,30.23255813953488,11,True
83,Chennai,37,4,8,25,10.81081081081081,21.62162162162162,67.56756756756756,72,1.945945945945946,1.0,0.42702702702702705,0.45,0.8,3.054054054054054,12.820892324324323,80.22830378378377,overspeeding,urban,rain,high,27.027027027027028,21.62162162162162,12,True
58,Chennai,35,8,8,19,22.857142857142858,22.857142857142858,54.285714285714285,55,1.5714285714285714,1.0,0.5057142857142856,0.45,0.85,2.742857142857143,12.815399000000001,80.19997677142855,overspeeding,urban,fog,high,31.428571428571427,37.142857142857146,13,True
51,Chennai,30,4,10,16,13.333333333333334,33.33333333333333,53.333333333333336,52,1.7333333333333334,1.5,0.4683333333333334,0.45,0.85,2.966666666666667,13.1820414,80.11255516666667,distraction,highway,fog,low,36.666666666666664,40.0,14,True
63,Chennai,30,4,5,21,13.333333333333334,16.666666666666664,70.0,66,2.2,2.0,0.4433333333333333,0.45,1.0,3.2333333333333334,12.885671333333335,80.24713873333334,poor road,highway,clear,high,30.0,20.0,14,True
48,Chennai,28,4,13,11,14.285714285714285,46.42857142857143,39.285714285714285,50,1.7857142857142858,1.0,0.4178571428571428,0.45,0.8,2.7142857142857144,12.856930821428573,80.19537939285715,drunk driving,urban,rain,low,25.0,28.57142857142857,15,True
64,Chennai,28,5,6,17,17.857142857142858,21.428571428571427,60.71428571428571,39,1.3928571428571428,1.0,0.4357142857142858,0.45,1.0,2.4285714285714284,12.981035285714285,80.12494989285713,overspeeding,urban,clear,low,39.285714285714285,32.142857142857146,15,True
67,Chennai,27,1,12,14,3.7037037037037033,44.44444444444444,51.85185185185185,52,1.9259259259259258,2.0,0.3462962962962962,0.3,0.8,3.074074074074074,12.995511296296295,80.15944825925925,distraction,rural,clear,medium,25.925925925925924,25.925925925925924,16,True
57,Chennai,25,3,4,18,12.0,16.0,72.0,44,1.76,2.0,0.41600000000000004,0.45,0.8,2.88,12.88369188,80.279731,drunk driving,highway,fog,low,24.0,20.0,17,True
62,Chennai,24,5,5,14,20.833333333333336,20.833333333333336,58.333333333333336,54,2.25,2.0,0.45625,0.45,0.85,3.6666666666666665,12.916610583333332,80.11178475000001,overspeeding,highway,rain,high,29.166666666666668,25.0,18,True
65,Chennai,24,4,4,16,16.666666666666664,16.666666666666664,66.66666666666666,43,1.7916666666666667,2.0,0.4979166666666666,0.45,0.8,3.0833333333333335,13.04105025,80.156366875,drunk driving,highway,fog,high,29.166666666666668,33.33333333333333,18,True
68,Chennai,23,6,6,11,26.08695652173913,26.08695652173913,47.82608695652174,42,1.826086956521739,1.0,0.508695652173913,0.45,1.0,2.9130434782608696,13.035728478260866,80.28381647826085,drunk driving,rural,fog,medium,26.08695652173913,30.434782608695656,19,True
72,Chennai,23,4,7,12,17.391304347826086,30.434782608695656,52.17391304347826,44,1.9130434782608696,2.0,0.5065217391304347,0.45,1.0,3.391304347826087,13.068727434782613,80.27207343478261,distraction,highway,rain,high,26.08695652173913,30.434782608695656,19,True
95,Chennai,22,5,9,8,22.727272727272727,40.909090909090914,36.36363636363637,51,2.3181818181818183,2.0,0.45454545454545453,0.45,0.8,3.409090909090909,13.058931681818178,80.17885209090909,drunk driving,urban,rain,medium,22.727272727272727,40.909090909090914,20,True
79,Chennai,21,5,7,9,23.809523809523807,33.33333333333333,42.857142857142854,52,2.4761904761904763,3.0,0.41666666666666674,0.45,0.8,3.142857142857143,13.096895476190477,80.26815723809526,distraction,highway,fog,medium,19.047619047619047,42.857142857142854,21,True
76,Chennai,20,1,5,14,5.0,25.0,70.0,38,1.9,2.0,0.4424999999999999,0.45,0.85,3.15,12.913819650000002,80.26690025,distraction,rural,fog,high,20.0,10.0,22,True
74,Chennai,19,3,7,9,15.789473684210526,36.84210526315789,47.368421052631575,22,1.1578947368421053,1.0,0.46315789473684216,0.45,0.85,3.0526315789473686,13.188791210526315,80.22133505263157,weather,rural,fog,low,26.31578947368421,42.10526315789473,23,True
75,Chennai,18,1,9,8,5.555555555555555,50.0,44.44444444444444,36,2.0,2.0,0.4583333333333333,0.45,0.8,3.111111111111111,13.058407944444445,80.11187111111111,distraction,highway,fog,low,38.88888888888889,22.22222222222222,24,True
96,Chennai,18,1,5,12,5.555555555555555,27.77777777777778,66.66666666666666,29,1.6111111111111112,1.5,0.4222222222222223,0.45,0.65,2.888888888888889,13.123039166666665,80.22985305555555,poor road,rural,fog,high,16.666666666666664,16.666666666666664,24,True
97,Chennai,18,2,6,10,11.11111111111111,33.33333333333333,55.55555555555556,31,1.7222222222222223,1.5,0.4277777777777778,0.45,0.65,3.0555555555555554,12.995965722222222,80.19029855555554,drunk driving,highway,rain,medium,16.666666666666664,38.88888888888889,24,True
85,Chennai,17,1,6,10,5.88235294117647,35.294117647058826,58.82352941176471,32,1.8823529411764706,2.0,0.34117647058823536,0.3,0.65,3.0588235294117645,13.181929294117648,80.25991147058824,distraction,highway,clear,low,11.76470588235294,17.647058823529413,25,True
69,Chennai,16,1,5,10,6.25,31.25,62.5,26,1.625,1.0,0.38125000000000003,0.45,0.65,2.9375,13.086163312499998,80.113784125,overspeeding,urban,rain,low,12.5,31.25,26,True
102,Chennai,16,2,7,7,12.5,43.75,43.75,30,1.875,1.0,0.38125000000000003,0.25,0.8,2.9375,12.9076890625,80.28879674999999,overspeeding,urban,rain,medium,18.75,31.25,26,True
73,Chennai,15,3,7,5,20.0,46.666666666666664,33.33333333333333,17,1.1333333333333333,1.0,0.5333333333333333,0.45,1.0,2.2666666666666666,13.023375266666665,80.24266613333333,overspeeding,rural,fog,high,33.33333333333333,13.333333333333334,27,True
117,Delhi,276,49,81,146,17.753623188405797,29.347826086956523,52.89855072463768,479,1.7355072463768115,1.0,0.4369565217391304,0.45,1.0,2.9528985507246377,28.65431164855073,76.87819536594203,poor road,urban,rain,low,26.44927536231884,30.07246376811594,1,True
112,Delhi,162,21,45,96,12.962962962962962,27.77777777777778,59.25925925925925,245,1.5123456790123457,1.0,0.442283950617284,0.45,0.8,2.7777777777777777,28.673745358024693,77.20393919135802,distraction,highway,clear,high,32.098765432098766,25.925925925925924,2,True
114,Delhi,117,22,22,73,18.803418803418804,18.803418803418804,62.39316239316239,212,1.811965811965812,2.0,0.45213675213675214,0.45,1.0,2.8803418803418803,28.823061897435892,76.84917718803416,distraction,rural,rain,high,20.51282051282051,18.803418803418804,3,True
115,Delhi,113,18,28,67,15.929203539823009,24.778761061946902,59.29203539823009,211,1.8672566371681416,1.0,0.4327433628318584,0.45,1.0,2.9734513274336285,28.799585495575222,77.0489870176991,overspeeding,highway,clear,high,23.893805309734514,23.008849557522122,4,True
113,Delhi,95,16,27,52,16.842105263157894,28.421052631578945,54.736842105263165,164,1.7263157894736842,1.0,0.4310526315789474,0.45,1.0,2.8526315789473684,28.499926073684215,76.9958813894737,distraction,rural,clear,high,23.157894736842106,31.57894736842105,5,True
116,Delhi,88,20,23,45,22.727272727272727,26.136363636363637,51.13636363636363,164,1.8636363636363635,1.0,0.5034090909090909,0.45,1.0,3.034090909090909,28.458245034090908,77.25286204545455,drunk driving,rural,rain,high,26.136363636363637,40.909090909090914,6,True
121,Delhi,77,12,21,44,15.584415584415584,27.27272727272727,57.14285714285714,106,1.3766233766233766,1.0,0.42857142857142866,0.45,1.0,2.675324675324675,28.57838777922078,77.16460194805192,drunk driving,urban,clear,high,24.675324675324674,29.87012987012987,7,True
139,Delhi,75,6,26,43,8.0,34.66666666666667,57.333333333333336,126,1.68,1.0,0.40266666666666673,0.45,0.85,3.066666666666667,28.803085773333333,76.94198668,drunk driving,highway,clear,low,25.333333333333336,30.666666666666664,8,True
110,Delhi,61,10,15,36,16.39344262295082,24.59016393442623,59.01639344262295,105,1.721311475409836,2.0,0.48606557377049175,0.45,1.0,3.0655737704918034,28.686336606557376,77.08398340983605,distraction,highway,clear,high,36.0655737704918,34.42622950819672,9,True
143,Delhi,58,11,18,29,18.96551724137931,31.03448275862069,50.0,112,1.9310344827586208,2.0,0.3818965517241379,0.3,1.0,3.1724137931034484,28.45542870689655,76.89034656896551,distraction,rural,clear,high,18.96551724137931,36.206896551724135,10,True
120,Delhi,55,13,14,28,23.636363636363637,25.454545454545453,50.90909090909091,95,1.7272727272727273,1.0,0.46818181818181803,0.45,0.85,2.9272727272727272,28.46865812727272,77.1347904909091,drunk driving,urban,rain,low,23.636363636363637,21.818181818181817,11,True
128,Delhi,42,7,11,24,16.666666666666664,26.190476190476193,57.14285714285714,59,1.4047619047619047,1.0,0.4476190476190475,0.45,1.0,2.7857142857142856,28.749330833333325,77.22652504761903,drunk driving,rural,clear,high,35.714285714285715,26.190476190476193,12,True
133,Delhi,42,5,9,28,11.904761904761903,21.428571428571427,66.66666666666666,62,1.4761904761904763,1.0,0.40595238095238095,0.45,1.0,2.880952380952381,28.44273954761904,77.19358854761906,overspeeding,highway,rain,medium,7.142857142857142,40.476190476190474,12,True
119,Delhi,40,2,14,24,5.0,35.0,60.0,79,1.975,1.0,0.43375,0.45,0.8,3.025,28.867241850000006,77.102447175,distraction,highway,rain,high,30.0,37.5,13,True
129,Delhi,40,1,14,25,2.5,35.0,62.5,74,1.85,1.0,0.37374999999999997,0.45,0.8,3.05,28.872336625000003,77.196555675,weather,highway,clear,low,12.5,35.0,13,True
130,Delhi,37,4,12,21,10.81081081081081,32.432432432432435,56.75675675675676,58,1.5675675675675675,1.0,0.3743243243243244,0.3,0.8,3.0,28.52450883783784,76.88999116216216,overspeeding,urban,clear,low,21.62162162162162,32.432432432432435,14,True
124,Delhi,35,5,13,17,14.285714285714285,37.142857142857146,48.57142857142857,54,1.542857142857143,1.0,0.4485714285714285,0.45,0.8,3.057142857142857,28.559469,77.0988238,drunk driving,urban,rain,low,17.142857142857142,42.857142857142854,15,True
125,Delhi,34,4,7,23,11.76470588235294,20.588235294117645,67.64705882352942,61,1.7941176470588236,1.5,0.38235294117647056,0.45,0.85,3.264705882352941,28.630270647058826,76.99717394117647,distraction,highway,clear,low,14.705882352941178,32.35294117647059,16,True
123,Delhi,32,8,7,17,25.0,21.875,53.125,71,2.21875,2.0,0.4546875,0.45,1.0,3.375,28.69143978125,76.96164203125,weather,highway,clear,high,18.75,31.25,17,True
127,Delhi,32,7,11,14,21.875,34.375,43.75,78,2.4375,2.5,0.4140625,0.45,0.8,3.34375,28.77903103125,77.16077828125,weather,highway,clear,high,25.0,28.125,17,True
122,Delhi,30,6,5,19,20.0,16.666666666666664,63.33333333333333,50,1.6666666666666667,1.5,0.44833333333333325,0.45,0.85,3.033333333333333,28.504058199999996,76.93560003333333,drunk driving,urban,fog,high,23.333333333333332,20.0,18,True
144,Delhi,30,5,9,16,16.666666666666664,30.0,53.333333333333336,50,1.6666666666666667,1.0,0.5066666666666666,0.45,1.0,3.1,28.605316333333338,77.23443966666666,overspeeding,rural,fog,high,33.33333333333333,46.666666666666664,18,True
136,Delhi,27,7,6,14,25.925925925925924,22.22222222222222,51.85185185185185,45,1.6666666666666667,1.0,0.5111111111111111,0.45,1.0,2.5925925925925926,28.417106222222223,76.98860659259259,poor road,highway,fog,high,29.629629629629626,44.44444444444444,19,True
150,Delhi,27,1,6,20,3.7037037037037033,22.22222222222222,74.07407407407408,35,1.2962962962962963,1.0,0.4129629629629629,0.45,0.8,3.074074074074074,28.56934774074073,76.82123296296295,weather,rural,clear,high,22.22222222222222,25.925925925925924,19,True
142,Delhi,25,3,8,14,12.0,32.0,56.00000000000001,44,1.76,2.0,0.402,0.45,0.8,2.88,28.79937544,77.247417,poor road,highway,clear,high,20.0,28.000000000000004,20,True
135,Delhi,23,3,8,12,13.043478260869565,34.78260869565217,52.17391304347826,29,1.2608695652173914,1.0,0.4369565217391304,0.45,0.8,3.1739130434782608,28.660829391304343,76.92801469565217,weather,urban,rain,low,21.73913043478261,26.08695652173913,21,True
138,Delhi,20,2,4,14,10.0,20.0,70.0,24,1.2,1.0,0.4800000000000001,0.45,0.8,2.8,28.53265705,77.04457465,weather,urban,rain,low,25.0,45.0,22,True
132,Delhi,18,0,4,14,0.0,22.22222222222222,77.77777777777779,32,1.7777777777777777,1.5,0.3111111111111111,0.275,0.65,2.611111111111111,28.82180705555556,77.15317499999999,overspeeding,urban,clear,low,33.33333333333333,27.77777777777778,23,True
140,Delhi,18,2,4,12,11.11111111111111,22.22222222222222,66.66666666666666,27,1.5,1.5,0.4388888888888889,0.45,0.8,2.6666666666666665,28.503653666666665,77.17613977777779,distraction,urban,clear,high,22.22222222222222,16.666666666666664,23,True
158,Delhi,18,7,4,7,38.88888888888889,22.22222222222222,38.88888888888889,34,1.8888888888888888,1.0,0.4305555555555556,0.45,1.0,3.111111111111111,28.701739333333332,77.01696916666667,distraction,highway,clear,low,27.77777777777778,33.33333333333333,23,True
161,Delhi,18,5,4,9,27.77777777777778,22.22222222222222,50.0,37,2.0555555555555554,2.0,0.4388888888888889,0.45,0.85,3.2222222222222223,28.883981166666665,77.25863622222222,distraction,highway,clear,high,16.666666666666664,33.33333333333333,23,True
118,Delhi,17,2,9,6,11.76470588235294,52.94117647058824,35.294117647058826,24,1.411764705882353,1.0,0.38823529411764707,0.45,0.65,2.235294117647059,28.732910764705885,77.00793552941175,drunk driving,urban,clear,high,0.0,11.76470588235294,24,True
131,Delhi,17,4,3,10,23.52941176470588,17.647058823529413,58.82352941176471,25,1.4705882352941178,1.0,0.43529411764705883,0.45,0.8,3.176470588235294,28.499172235294118,77.08099870588235,drunk driving,rural,fog,low,11.76470588235294,11.76470588235294,24,True
156,Delhi,17,3,4,10,17.647058823529413,23.52941176470588,58.82352941176471,32,1.8823529411764706,1.0,0.45,0.45,0.85,2.7058823529411766,28.887731529411763,77.04019864705883,weather,urban,rain,low,5.88235294117647,11.76470588235294,24,True
134,Delhi,16,4,6,6,25.0,37.5,37.5,34,2.125,1.5,0.534375,0.5,1.0,3.3125,28.88509375,77.00242056249999,poor road,rural,fog,low,25.0,25.0,25,True
151,Delhi,16,1,3,12,6.25,18.75,75.0,24,1.5,1.0,0.484375,0.525,0.8,3.4375,28.740247875,76.95562650000001,overspeeding,highway,rain,high,37.5,31.25,25,True
174,Hyderabad,105,25,29,51,23.809523809523807,27.61904761904762,48.57142857142857,193,1.838095238095238,2.0,0.4666666666666667,0.45,1.0,2.895238095238095,17.49342365714286,78.2641068857143,poor road,rural,rain,high,29.523809523809526,28.57142857142857,1,True
194,Hyderabad,87,14,29,44,16.091954022988507,33.33333333333333,50.57471264367817,146,1.6781609195402298,1.0,0.4540229885057472,0.45,1.0,3.0919540229885056,17.39168834482759,78.28616765517242,weather,rural,rain,high,24.137931034482758,29.88505747126437,2,True
199,Hyderabad,80,12,30,38,15.0,37.5,47.5,131,1.6375,1.0,0.43187499999999995,0.45,1.0,2.8625,17.3827984375,78.459948625,distraction,urban,rain,low,16.25,27.500000000000004,3,True
185,Hyderabad,74,13,30,31,17.56756756756757,40.54054054054054,41.891891891891895,123,1.662162162162162,1.0,0.4560810810810812,0.45,1.0,2.824324324324324,17.263763094594594,78.5561674189189,drunk driving,highway,fog,high,20.27027027027027,35.13513513513514,4,True
175,Hyderabad,57,11,14,32,19.298245614035086,24.561403508771928,56.14035087719298,100,1.7543859649122806,2.0,0.4543859649122807,0.45,1.0,3.0526315789473686,17.370564736842105,78.3781543508772,distraction,urban,rain,high,22.807017543859647,22.807017543859647,5,True
184,Hyderabad,55,7,16,32,12.727272727272727,29.09090909090909,58.18181818181818,102,1.8545454545454545,2.0,0.42727272727272725,0.45,0.85,3.418181818181818,17.472329781818182,78.4108979090909,poor road,highway,clear,high,21.818181818181817,18.181818181818183,6,True
170,Hyderabad,54,4,19,31,7.4074074074074066,35.18518518518518,57.407407407407405,79,1.462962962962963,1.0,0.40092592592592596,0.45,0.8,2.8518518518518516,17.53786775925926,78.53599853703703,weather,urban,fog,low,20.37037037037037,31.48148148148148,7,True
180,Hyderabad,53,7,18,28,13.20754716981132,33.9622641509434,52.83018867924528,93,1.7547169811320755,2.0,0.4216981132075472,0.45,0.85,2.811320754716981,17.33095586792453,78.32824743396228,drunk driving,urban,clear,high,22.641509433962266,26.41509433962264,8,True
181,Hyderabad,53,4,18,31,7.547169811320755,33.9622641509434,58.490566037735846,82,1.5471698113207548,1.0,0.4330188679245282,0.45,0.8,2.830188679245283,17.47712386792453,78.46317367924529,overspeeding,urban,fog,medium,18.867924528301888,16.9811320754717,8,True
203,Hyderabad,53,8,15,30,15.09433962264151,28.30188679245283,56.60377358490566,87,1.6415094339622642,1.0,0.4179245283018868,0.45,0.8,2.811320754716981,17.29076030188679,78.25296432075471,drunk driving,urban,clear,high,28.30188679245283,30.18867924528302,8,True
195,Hyderabad,47,9,15,23,19.148936170212767,31.914893617021278,48.93617021276596,82,1.7446808510638299,1.0,0.43085106382978716,0.45,1.0,3.0425531914893615,17.570016808510637,78.58235238297871,distraction,highway,clear,high,21.27659574468085,36.17021276595745,9,True
214,Hyderabad,47,6,17,24,12.76595744680851,36.17021276595745,51.06382978723404,79,1.6808510638297873,1.0,0.4542553191489363,0.45,0.8,2.978723404255319,17.531943957446806,78.39802812765957,poor road,rural,rain,low,27.659574468085108,31.914893617021278,9,True
191,Hyderabad,46,5,17,24,10.869565217391305,36.95652173913043,52.17391304347826,74,1.608695652173913,1.0,0.38913043478260867,0.45,0.85,2.8260869565217392,17.38535495652174,78.56497130434782,overspeeding,urban,clear,high,15.217391304347828,21.73913043478261,10,True
179,Hyderabad,45,10,10,25,22.22222222222222,22.22222222222222,55.55555555555556,86,1.9111111111111112,2.0,0.4633333333333334,0.45,0.85,3.466666666666667,17.361320911111115,78.51549415555556,distraction,rural,fog,high,26.666666666666668,33.33333333333333,11,True
209,Hyderabad,41,2,15,24,4.878048780487805,36.58536585365854,58.536585365853654,60,1.4634146341463414,1.0,0.43414634146341463,0.45,0.8,2.975609756097561,17.56838314634146,78.22656690243902,drunk driving,urban,rain,low,19.51219512195122,21.951219512195124,12,True
177,Hyderabad,40,4,12,24,10.0,30.0,60.0,66,1.65,2.0,0.42000000000000004,0.45,1.0,2.75,17.442719,78.574580775,poor road,highway,fog,low,20.0,27.500000000000004,13,True
196,Hyderabad,39,7,14,18,17.94871794871795,35.8974358974359,46.15384615384615,75,1.9230769230769231,2.0,0.4217948717948718,0.45,0.8,2.8461538461538463,17.532537435897435,78.45935656410256,poor road,urban,clear,high,20.51282051282051,25.64102564102564,14,True
183,Hyderabad,38,8,11,19,21.052631578947366,28.947368421052634,50.0,82,2.1578947368421053,2.0,0.4973684210526315,0.45,0.85,2.8947368421052633,17.217063078947366,78.23711139473683,drunk driving,rural,fog,high,26.31578947368421,18.421052631578945,15,True
207,Hyderabad,38,8,13,17,21.052631578947366,34.21052631578947,44.73684210526316,67,1.763157894736842,1.0,0.42631578947368426,0.45,0.85,3.0,17.22723305263158,78.51903186842105,overspeeding,highway,clear,high,26.31578947368421,26.31578947368421,15,True
172,Hyderabad,35,5,11,19,14.285714285714285,31.428571428571427,54.285714285714285,67,1.9142857142857144,1.0,0.4757142857142857,0.45,0.8,2.742857142857143,17.264723914285714,78.31199345714285,overspeeding,rural,rain,high,37.142857142857146,17.142857142857142,16,True
201,Hyderabad,35,6,8,21,17.142857142857142,22.857142857142858,60.0,54,1.542857142857143,2.0,0.44571428571428573,0.45,1.0,3.085714285714286,17.21514025714286,78.39180254285714,distraction,rural,fog,low,28.57142857142857,40.0,16,True
176,Hyderabad,34,4,10,20,11.76470588235294,29.411764705882355,58.82352941176471,43,1.2647058823529411,1.0,0.488235294117647,0.45,1.0,2.6176470588235294,17.222591764705875,78.46141585294117,poor road,urban,fog,high,41.17647058823529,26.47058823529412,17,True
206,Hyderabad,34,4,8,22,11.76470588235294,23.52941176470588,64.70588235294117,58,1.7058823529411764,1.0,0.38676470588235295,0.45,0.65,3.088235294117647,17.267217823529414,78.46482376470587,weather,rural,rain,low,2.941176470588235,32.35294117647059,17,True
192,Hyderabad,33,1,15,17,3.0303030303030303,45.45454545454545,51.515151515151516,50,1.5151515151515151,1.0,0.47424242424242424,0.45,0.8,3.4242424242424243,17.33820172727273,78.22964163636364,weather,rural,rain,high,30.303030303030305,33.33333333333333,18,True
182,Hyderabad,30,3,8,19,10.0,26.666666666666668,63.33333333333333,56,1.8666666666666667,2.0,0.4299999999999999,0.45,0.85,2.966666666666667,17.477632933333332,78.53478396666667,drunk driving,urban,fog,low,13.333333333333334,20.0,19,True
202,Hyderabad,30,7,11,12,23.333333333333332,36.666666666666664,40.0,58,1.9333333333333333,1.5,0.4366666666666666,0.45,1.0,3.1,17.457468600000002,78.36796043333335,drunk driving,urban,clear,medium,36.666666666666664,40.0,19,True
216,Hyderabad,30,8,9,13,26.666666666666668,30.0,43.333333333333336,55,1.8333333333333333,1.5,0.41333333333333333,0.45,0.85,3.033333333333333,17.580977400000002,78.35835173333334,distraction,rural,clear,high,16.666666666666664,30.0,19,True
188,Hyderabad,29,1,11,17,3.4482758620689653,37.93103448275862,58.620689655172406,46,1.5862068965517242,1.0,0.47413793103448276,0.45,0.8,2.793103448275862,17.382227827586206,78.22911331034481,distraction,rural,fog,high,20.689655172413794,31.03448275862069,20,True
205,Hyderabad,28,2,7,19,7.142857142857142,25.0,67.85714285714286,39,1.3928571428571428,1.0,0.37321428571428567,0.35,1.0,3.25,17.256111071428574,78.40805764285713,poor road,highway,clear,low,21.428571428571427,32.142857142857146,21,True
208,Hyderabad,27,2,5,20,7.4074074074074066,18.51851851851852,74.07407407407408,35,1.2962962962962963,1.0,0.34074074074074073,0.4,0.8,2.5555555555555554,17.51700222222222,78.58034222222221,distraction,highway,clear,low,7.4074074074074066,37.03703703703704,22,True
178,Hyderabad,25,3,6,16,12.0,24.0,64.0,43,1.72,1.0,0.41200000000000003,0.45,0.85,2.96,17.302497440000003,78.4732564,distraction,highway,fog,medium,16.0,28.000000000000004,23,True
193,Hyderabad,24,3,6,15,12.5,25.0,62.5,30,1.25,1.0,0.42291666666666666,0.45,1.0,2.6666666666666665,17.586767083333335,78.48510058333333,distraction,highway,clear,high,25.0,25.0,24,True
218,Hyderabad,23,1,7,15,4.3478260869565215,30.434782608695656,65.21739130434783,27,1.173913043478261,1.0,0.36956521739130427,0.45,0.65,3.0869565217391304,17.312132652173915,78.28631404347826,drunk driving,urban,clear,high,21.73913043478261,34.78260869565217,25,True
171,Hyderabad,20,2,8,10,10.0,40.0,50.0,29,1.45,1.0,0.4425,0.45,0.8,2.8,17.229425900000003,78.31668690000001,distraction,highway,clear,high,40.0,35.0,26,True
200,Hyderabad,20,2,4,14,10.0,20.0,70.0,32,1.6,2.0,0.385,0.375,0.8,2.9,17.455221899999994,78.49784419999999,weather,rural,rain,low,25.0,20.0,26,True
212,Hyderabad,20,4,2,14,20.0,10.0,70.0,35,1.75,1.0,0.5375,0.45,1.0,2.95,17.502853050000002,78.3543381,overspeeding,highway,fog,high,35.0,40.0,26,True
217,Hyderabad,17,1,6,10,5.88235294117647,35.294117647058826,58.82352941176471,29,1.7058823529411764,2.0,0.45,0.6,0.7,3.0,17.42366141176471,78.21694858823531,weather,urban,rain,high,17.647058823529413,11.76470588235294,27,True
173,Hyderabad,16,3,5,8,18.75,31.25,50.0,33,2.0625,1.0,0.51875,0.6,0.85,3.0625,17.408598249999997,78.3371950625,poor road,rural,fog,high,31.25,50.0,28,True
186,Hyderabad,16,0,4,12,0.0,25.0,75.0,29,1.8125,1.5,0.4125,0.45,0.9,3.0,17.302717,78.4069381875,poor road,rural,rain,medium,25.0,43.75,28,True
244,Kolkata,171,22,50,99,12.865497076023392,29.239766081871345,57.89473684210527,322,1.8830409356725146,2.0,0.44590643274853803,0.45,1.0,3.146198830409357,22.557613695906433,88.46909366081871,distraction,urban,rain,high,26.31578947368421,26.900584795321635,1,True
242,Kolkata,164,28,58,78,17.073170731707318,35.36585365853659,47.5609756097561,308,1.8780487804878048,1.0,0.4286585365853659,0.45,0.85,3.073170731707317,22.65680284756097,88.30753396951219,overspeeding,rural,clear,high,24.390243902439025,26.21951219512195,2,True
240,Kolkata,139,20,38,81,14.388489208633093,27.33812949640288,58.27338129496403,246,1.7697841726618706,1.0,0.4449640287769785,0.45,1.0,3.1007194244604315,22.66096126618705,88.40016728776979,overspeeding,highway,fog,high,24.46043165467626,33.81294964028777,3,True
239,Kolkata,138,24,34,80,17.391304347826086,24.637681159420293,57.971014492753625,270,1.9565217391304348,2.0,0.44021739130434784,0.45,1.0,3.246376811594203,22.476813152173914,88.3434445942029,poor road,rural,clear,low,27.536231884057973,22.463768115942027,4,True
249,Kolkata,78,20,23,35,25.64102564102564,29.48717948717949,44.871794871794876,162,2.076923076923077,2.0,0.4608974358974359,0.45,1.0,3.141025641025641,22.500362679487182,88.4278960897436,weather,rural,fog,low,20.51282051282051,23.076923076923077,5,True
267,Kolkata,63,15,12,36,23.809523809523807,19.047619047619047,57.14285714285714,126,2.0,2.0,0.4420634920634922,0.45,1.0,3.3015873015873014,22.619643238095236,88.21469053968254,overspeeding,rural,rain,high,25.396825396825395,25.396825396825395,6,True
257,Kolkata,57,10,18,29,17.543859649122805,31.57894736842105,50.877192982456144,112,1.9649122807017543,2.0,0.4096491228070175,0.45,1.0,3.0350877192982457,22.57286994736842,88.40721114035088,distraction,rural,clear,low,24.561403508771928,31.57894736842105,7,True
247,Kolkata,51,4,17,30,7.8431372549019605,33.33333333333333,58.82352941176471,83,1.6274509803921569,1.0,0.39705882352941185,0.4,1.0,3.215686274509804,22.55842847058824,88.31948484313725,poor road,highway,clear,low,27.450980392156865,33.33333333333333,8,True
251,Kolkata,46,9,7,30,19.565217391304348,15.217391304347828,65.21739130434783,81,1.7608695652173914,2.0,0.4804347826086956,0.45,0.8,2.760869565217391,22.57167004347826,88.28008739130436,distraction,rural,fog,low,26.08695652173913,26.08695652173913,9,True
252,Kolkata,46,7,17,22,15.217391304347828,36.95652173913043,47.82608695652174,73,1.5869565217391304,1.0,0.45869565217391306,0.45,1.0,2.8043478260869565,22.577930195652176,88.36414504347826,weather,urban,clear,high,34.78260869565217,30.434782608695656,9,True
273,Kolkata,44,8,13,23,18.181818181818183,29.545454545454547,52.27272727272727,75,1.7045454545454546,1.0,0.3977272727272727,0.42500000000000004,1.0,2.977272727272727,22.53075722727273,88.36838627272726,poor road,urban,clear,low,31.818181818181817,29.545454545454547,10,True
246,Kolkata,42,6,10,26,14.285714285714285,23.809523809523807,61.904761904761905,62,1.4761904761904763,1.0,0.43809523809523815,0.45,0.85,2.8333333333333335,22.456980404761907,88.44586295238096,drunk driving,rural,fog,low,26.190476190476193,21.428571428571427,11,True
279,Kolkata,42,8,10,24,19.047619047619047,23.809523809523807,57.14285714285714,71,1.6904761904761905,2.0,0.4357142857142857,0.45,0.85,2.7857142857142856,22.633113595238093,88.47929954761905,poor road,urban,rain,high,19.047619047619047,26.190476190476193,11,True
286,Kolkata,42,4,9,29,9.523809523809524,21.428571428571427,69.04761904761905,69,1.6428571428571428,1.0,0.40595238095238095,0.45,0.8,3.0476190476190474,22.46008876190476,88.24608695238095,drunk driving,highway,clear,low,23.809523809523807,33.33333333333333,11,True
243,Kolkata,41,4,9,28,9.75609756097561,21.951219512195124,68.29268292682927,56,1.3658536585365855,1.0,0.37926829268292683,0.45,0.65,2.8536585365853657,22.50074531707317,88.25846509756097,distraction,urban,fog,medium,12.195121951219512,34.146341463414636,12,True
256,Kolkata,40,3,15,22,7.5,37.5,55.00000000000001,70,1.75,1.5,0.425,0.45,1.0,2.975,22.418715575,88.43531377500001,drunk driving,rural,fog,medium,25.0,20.0,13,True
253,Kolkata,39,6,13,20,15.384615384615385,33.33333333333333,51.28205128205128,63,1.6153846153846154,1.0,0.41282051282051285,0.45,1.0,3.0,22.50270176923077,88.48244007692308,weather,rural,rain,low,20.51282051282051,25.64102564102564,14,True
277,Kolkata,36,4,10,22,11.11111111111111,27.77777777777778,61.111111111111114,59,1.6388888888888888,1.5,0.4388888888888889,0.45,0.8,3.25,22.50263330555556,88.2159605,distraction,urban,clear,low,25.0,30.555555555555557,15,True
263,Kolkata,35,6,13,16,17.142857142857142,37.142857142857146,45.714285714285715,74,2.1142857142857143,2.0,0.43,0.45,0.85,3.142857142857143,22.6016086,88.43390437142857,distraction,rural,rain,high,20.0,31.428571428571427,16,True
241,Kolkata,33,9,9,15,27.27272727272727,27.27272727272727,45.45454545454545,66,2.0,1.0,0.43939393939393945,0.45,0.85,3.1515151515151514,22.42869803030303,88.21951975757577,poor road,highway,clear,high,15.151515151515152,24.242424242424242,17,True
259,Kolkata,30,5,7,18,16.666666666666664,23.333333333333332,60.0,60,2.0,1.5,0.36666666666666664,0.375,1.0,3.033333333333333,22.62154743333333,88.25114680000001,drunk driving,highway,clear,low,16.666666666666664,40.0,18,True
271,Kolkata,27,3,8,16,11.11111111111111,29.629629629629626,59.25925925925925,54,2.0,1.0,0.4555555555555556,0.45,0.8,3.5185185185185186,22.484631074074077,88.38067525925926,weather,highway,fog,high,25.925925925925924,18.51851851851852,19,True
262,Kolkata,25,3,3,19,12.0,12.0,76.0,47,1.88,2.0,0.46399999999999997,0.45,0.85,3.04,22.66197092,88.45974028,distraction,rural,fog,high,32.0,20.0,20,True
261,Kolkata,24,2,8,14,8.333333333333332,33.33333333333333,58.333333333333336,13,0.5416666666666666,0.0,0.3979166666666667,0.45,0.85,2.2083333333333335,22.424935958333336,88.36817404166668,weather,highway,clear,medium,29.166666666666668,45.83333333333333,21,True
260,Kolkata,23,0,7,16,0.0,30.434782608695656,69.56521739130434,31,1.3478260869565217,1.0,0.4239130434782608,0.45,0.8,3.0869565217391304,22.41030508695652,88.35292665217393,poor road,highway,clear,low,39.130434782608695,30.434782608695656,22,True
292,Kolkata,23,5,4,14,21.73913043478261,17.391304347826086,60.86956521739131,43,1.8695652173913044,2.0,0.5065217391304347,0.45,0.85,3.0434782608695654,22.53702678260869,88.23450517391305,poor road,urban,fog,high,26.08695652173913,17.391304347826086,22,True
272,Kolkata,20,1,7,12,5.0,35.0,60.0,30,1.5,1.0,0.3825,0.45,0.65,3.2,22.409010000000002,88.28384195000001,weather,urban,clear,low,20.0,20.0,23,True
289,Kolkata,20,1,8,11,5.0,40.0,55.00000000000001,31,1.55,1.0,0.4725,0.45,0.8,3.3,22.40725945,88.24763974999999,distraction,rural,fog,high,45.0,30.0,23,True
291,Kolkata,20,1,8,11,5.0,40.0,55.00000000000001,18,0.9,1.0,0.43500000000000005,0.45,0.8,2.35,22.5993807,88.2418965,overspeeding,rural,rain,high,30.0,15.0,23,True
264,Kolkata,18,4,3,11,22.22222222222222,16.666666666666664,61.111111111111114,35,1.9444444444444444,2.0,0.4833333333333333,0.45,0.85,2.7777777777777777,22.47237877777778,88.47940538888888,overspeeding,urban,fog,low,33.33333333333333,33.33333333333333,24,True
294,Kolkata,18,2,4,12,11.11111111111111,22.22222222222222,66.66666666666666,22,1.2222222222222223,1.0,0.4444444444444444,0.45,0.8,2.5555555555555554,22.676939,88.21334933333333,weather,rural,fog,low,11.11111111111111,33.33333333333333,24,True
250,Kolkata,17,1,8,8,5.88235294117647,47.05882352941176,47.05882352941176,30,1.7647058823529411,1.0,0.4117647058823529,0.45,0.8,3.1176470588235294,22.669601647058823,88.3540784117647,overspeeding,urban,clear,low,17.647058823529413,17.647058823529413,25,True
258,Kolkata,17,2,4,11,11.76470588235294,23.52941176470588,64.70588235294117,29,1.7058823529411764,1.0,0.47941176470588237,0.45,0.85,3.1176470588235294,22.413110117647058,88.47505647058823,overspeeding,highway,fog,low,29.411764705882355,17.647058823529413,25,True
275,Kolkata,17,3,6,8,17.647058823529413,35.294117647058826,47.05882352941176,34,2.0,2.0,0.5264705882352941,0.6,1.0,3.0588235294117645,22.62682858823529,88.33719205882352,drunk driving,highway,fog,medium,35.294117647058826,23.52941176470588,25,True
299,Kolkata,16,1,6,9,6.25,37.5,56.25,27,1.6875,1.5,0.459375,0.55,0.8,2.6875,22.466392187500002,88.2866953125,overspeeding,highway,clear,high,25.0,12.5,26,True
255,Kolkata,15,2,3,10,13.333333333333334,20.0,66.66666666666666,26,1.7333333333333334,2.0,0.4333333333333333,0.45,0.85,2.8,22.4998212,88.35781039999999,drunk driving,urban,clear,high,20.0,33.33333333333333,27,True
269,Kolkata,15,2,1,12,13.333333333333334,6.666666666666667,80.0,24,1.6,1.0,0.44000000000000006,0.45,1.0,2.6666666666666665,22.56424186666667,88.21794573333334,drunk driving,urban,fog,low,26.666666666666668,46.666666666666664,27,True
290,Kolkata,15,1,5,9,6.666666666666667,33.33333333333333,60.0,27,1.8,2.0,0.38333333333333336,0.45,0.65,3.066666666666667,22.437353999999996,88.2914066,drunk driving,urban,clear,high,20.0,33.33333333333333,27,True
325,Mumbai,164,24,53,87,14.634146341463413,32.31707317073171,53.04878048780488,303,1.8475609756097562,2.0,0.43018292682926834,0.45,1.0,3.1219512195121952,19.008769207317073,72.82620493902438,distraction,rural,clear,low,21.951219512195124,25.609756097560975,1,True
315,Mumbai,132,17,44,71,12.878787878787879,33.33333333333333,53.78787878787878,225,1.7045454545454546,1.0,0.4147727272727274,0.45,0.85,2.9545454545454546,18.928303621212123,72.88952296969698,overspeeding,urban,fog,low,20.454545454545457,33.33333333333333,2,True
333,Mumbai,116,13,34,69,11.206896551724139,29.310344827586203,59.48275862068966,184,1.5862068965517242,1.0,0.42456896551724144,0.45,0.85,2.8620689655172415,19.234604396551727,72.80146856034483,weather,rural,clear,high,24.137931034482758,25.862068965517242,3,True
324,Mumbai,114,11,47,56,9.649122807017543,41.228070175438596,49.122807017543856,191,1.6754385964912282,1.0,0.412719298245614,0.45,0.85,2.9298245614035086,19.262774622807015,72.88364191228071,drunk driving,highway,clear,low,20.175438596491226,22.807017543859647,4,True
335,Mumbai,113,15,36,62,13.274336283185843,31.858407079646017,54.86725663716814,217,1.920353982300885,2.0,0.42168141592920344,0.45,0.85,3.088495575221239,18.83392238053098,72.76684073451327,overspeeding,highway,clear,low,28.31858407079646,26.548672566371685,5,True
317,Mumbai,110,13,36,61,11.818181818181818,32.72727272727273,55.45454545454545,180,1.6363636363636365,1.0,0.4113636363636365,0.45,1.0,3.081818181818182,18.84965175454545,72.89986876363635,poor road,rural,clear,low,28.18181818181818,30.0,6,True
314,Mumbai,105,25,36,44,23.809523809523807,34.285714285714285,41.904761904761905,215,2.0476190476190474,2.0,0.46095238095238095,0.45,1.0,3.1904761904761907,19.148655847619047,72.83732622857143,distraction,rural,fog,low,20.952380952380953,26.666666666666668,7,True
323,Mumbai,88,20,23,45,22.727272727272727,26.136363636363637,51.13636363636363,164,1.8636363636363635,2.0,0.38693181818181815,0.42500000000000004,1.0,3.1136363636363638,19.037041511363636,72.7634175909091,drunk driving,rural,clear,medium,21.59090909090909,29.545454545454547,8,True
334,Mumbai,87,13,27,47,14.942528735632186,31.03448275862069,54.02298850574713,166,1.9080459770114941,2.0,0.421264367816092,0.45,0.8,3.32183908045977,19.130173977011495,72.96560800000002,distraction,highway,fog,low,25.287356321839084,27.586206896551722,9,True
320,Mumbai,74,10,22,42,13.513513513513514,29.72972972972973,56.75675675675676,117,1.5810810810810811,1.0,0.4608108108108108,0.45,1.0,2.9864864864864864,18.897583797297294,72.73379859459459,poor road,highway,fog,high,25.675675675675674,29.72972972972973,10,True
342,Mumbai,67,5,25,37,7.462686567164178,37.3134328358209,55.223880597014926,107,1.5970149253731343,1.0,0.41044776119402987,0.45,0.85,2.7611940298507465,18.953051119402986,72.73624768656715,poor road,highway,rain,low,20.8955223880597,26.865671641791046,11,True
313,Mumbai,66,13,22,31,19.696969696969695,33.33333333333333,46.96969696969697,114,1.7272727272727273,1.0,0.4674242424242424,0.45,1.0,3.121212121212121,19.103746787878787,72.88199662121214,weather,rural,fog,high,21.21212121212121,37.878787878787875,12,True
321,Mumbai,60,10,17,33,16.666666666666664,28.333333333333332,55.00000000000001,113,1.8833333333333333,1.0,0.47750000000000004,0.45,1.0,3.4,19.262474083333338,72.75578966666667,drunk driving,highway,rain,high,26.666666666666668,25.0,13,True
337,Mumbai,55,9,20,26,16.363636363636363,36.36363636363637,47.27272727272727,90,1.6363636363636365,1.0,0.47454545454545455,0.45,0.85,2.8545454545454545,19.119075527272727,72.76065863636363,overspeeding,highway,fog,medium,27.27272727272727,34.54545454545455,14,True
327,Mumbai,54,5,16,33,9.25925925925926,29.629629629629626,61.111111111111114,92,1.7037037037037037,1.5,0.43240740740740735,0.45,0.8,2.7037037037037037,19.197049666666665,72.91618442592592,distraction,highway,fog,high,25.925925925925924,37.03703703703704,15,True
328,Mumbai,51,11,17,23,21.568627450980394,33.33333333333333,45.09803921568628,88,1.7254901960784315,1.0,0.47058823529411764,0.45,0.85,2.764705882352941,19.084813196078432,72.82277274509804,drunk driving,urban,rain,high,29.411764705882355,35.294117647058826,16,True
322,Mumbai,47,11,15,21,23.404255319148938,31.914893617021278,44.680851063829785,102,2.1702127659574466,2.0,0.502127659574468,0.45,1.0,3.4468085106382977,19.030807531914895,72.92028423404255,overspeeding,urban,rain,low,21.27659574468085,25.53191489361702,17,True
345,Mumbai,45,6,11,28,13.333333333333334,24.444444444444443,62.22222222222222,70,1.5555555555555556,1.0,0.47,0.45,0.85,2.7333333333333334,18.845214888888886,72.97218464444444,drunk driving,urban,rain,low,26.666666666666668,33.33333333333333,18,True
326,Mumbai,34,6,10,18,17.647058823529413,29.411764705882355,52.94117647058824,51,1.5,1.0,0.4132352941176471,0.45,0.85,2.9705882352941178,19.14706320588235,72.71969364705882,drunk driving,urban,rain,high,14.705882352941178,29.411764705882355,19,True
338,Mumbai,34,8,8,18,23.52941176470588,23.52941176470588,52.94117647058824,61,1.7941176470588236,2.0,0.42352941176470593,0.45,1.0,3.0294117647058822,18.928541117647057,72.79885176470587,distraction,rural,clear,medium,20.588235294117645,26.47058823529412,19,True
340,Mumbai,31,7,12,12,22.58064516129032,38.70967741935484,38.70967741935484,54,1.7419354838709677,1.0,0.43870967741935485,0.45,0.8,3.032258064516129,19.209928354838706,72.74097658064517,overspeeding,highway,rain,low,25.806451612903224,29.03225806451613,20,True
343,Mumbai,22,0,7,15,0.0,31.818181818181817,68.18181818181817,34,1.5454545454545454,1.0,0.43409090909090897,0.45,0.8,2.727272727272727,18.88366231818182,72.96469427272729,overspeeding,rural,fog,low,27.27272727272727,13.636363636363635,21,True
329,Mumbai,21,3,6,12,14.285714285714285,28.57142857142857,57.14285714285714,46,2.1904761904761907,2.0,0.4571428571428572,0.45,1.0,3.0,19.237798380952384,72.98992842857143,drunk driving,highway,rain,high,33.33333333333333,42.857142857142854,22,True
332,Mumbai,21,3,9,9,14.285714285714285,42.857142857142854,42.857142857142854,32,1.5238095238095237,1.0,0.41428571428571426,0.45,0.8,2.9523809523809526,19.007205714285714,72.98818414285714,poor road,urban,clear,high,19.047619047619047,23.809523809523807,22,True
330,Mumbai,20,1,7,12,5.0,35.0,60.0,26,1.3,1.0,0.4375,0.45,1.0,3.35,19.067144300000002,72.98050864999999,poor road,urban,clear,high,45.0,35.0,23,True
346,Mumbai,18,3,4,11,16.666666666666664,22.22222222222222,61.111111111111114,30,1.6666666666666667,1.5,0.4305555555555556,0.45,0.8,3.1666666666666665,19.181557,72.9870733888889,overspeeding,urban,clear,low,33.33333333333333,22.22222222222222,24,True
319,Mumbai,16,3,2,11,18.75,12.5,68.75,32,2.0,1.5,0.40937500000000004,0.45,0.9,2.75,18.9917051875,72.91992537499999,weather,highway,clear,low,37.5,25.0,25,True
336,Mumbai,16,5,2,9,31.25,12.5,56.25,20,1.25,0.5,0.503125,0.6,0.85,2.5625,18.96882925,72.8371688125,distraction,urban,clear,high,37.5,37.5,25,True
344,Mumbai,16,1,3,12,6.25,18.75,75.0,34,2.125,2.0,0.40937500000000004,0.42500000000000004,0.8,3.6875,19.024153875000003,72.7272289375,poor road,highway,rain,low,37.5,37.5,25,True
348,Mumbai,16,5,4,7,31.25,25.0,43.75,34,2.125,2.0,0.459375,0.45,1.0,3.375,18.967131062500002,72.9865821875,drunk driving,urban,clear,high,25.0,31.25,25,True
331,Mumbai,15,1,8,6,6.666666666666667,53.333333333333336,40.0,17,1.1333333333333333,0.0,0.35333333333333333,0.45,0.8,2.533333333333333,18.997193533333334,72.95962313333332,distraction,rural,clear,low,26.666666666666668,20.0,26,True
350,Mumbai,15,2,6,7,13.333333333333334,40.0,46.666666666666664,27,1.8,2.0,0.38333333333333336,0.45,0.8,3.0,18.8148904,72.8277302,overspeeding,highway,fog,low,6.666666666666667,20.0,26,True
361,Pune,206,31,53,122,15.048543689320388,25.728155339805824,59.22330097087378,386,1.8737864077669903,2.0,0.40776699029126223,0.45,0.85,3.0728155339805827,18.499746733009708,73.87758857281553,overspeeding,rural,clear,medium,21.35922330097087,25.728155339805824,1,True
365,Pune,134,24,38,72,17.91044776119403,28.35820895522388,53.73134328358209,231,1.7238805970149254,1.0,0.4533582089552239,0.45,1.0,2.9029850746268657,18.54857502238806,73.97787578358209,distraction,urban,fog,low,26.865671641791046,26.865671641791046,2,True
363,Pune,90,20,20,50,22.22222222222222,22.22222222222222,55.55555555555556,158,1.7555555555555555,2.0,0.4616666666666666,0.45,1.0,2.7333333333333334,18.672617666666667,73.77986353333333,drunk driving,rural,rain,high,16.666666666666664,26.666666666666668,3,True
380,Pune,81,11,21,49,13.580246913580247,25.925925925925924,60.49382716049383,108,1.3333333333333333,1.0,0.43765432098765433,0.45,0.8,3.074074074074074,18.515903802469136,73.75756501234567,distraction,urban,rain,high,29.629629629629626,29.629629629629626,4,True
379,Pune,74,17,28,29,22.972972972972975,37.83783783783784,39.189189189189186,156,2.108108108108108,2.0,0.4736486486486487,0.45,1.0,3.1486486486486487,18.46769477027027,73.95752622972972,poor road,rural,rain,low,27.027027027027028,31.08108108108108,5,True
376,Pune,58,10,13,35,17.24137931034483,22.413793103448278,60.3448275862069,106,1.8275862068965518,2.0,0.4405172413793104,0.45,1.0,3.3275862068965516,18.617298327586205,73.77008962068967,drunk driving,rural,fog,medium,24.137931034482758,20.689655172413794,6,True
364,Pune,53,8,16,29,15.09433962264151,30.18867924528302,54.71698113207547,92,1.7358490566037736,1.0,0.42452830188679247,0.45,0.85,2.9622641509433962,18.624260358490567,73.84498075471697,distraction,rural,rain,low,16.9811320754717,22.641509433962266,7,True
377,Pune,53,10,13,30,18.867924528301888,24.528301886792452,56.60377358490566,91,1.7169811320754718,1.0,0.47547169811320755,0.45,1.0,2.6792452830188678,18.642783358490565,73.92980903773586,poor road,highway,fog,high,35.84905660377358,33.9622641509434,7,True
378,Pune,52,7,15,30,13.461538461538462,28.846153846153843,57.692307692307686,86,1.6538461538461537,1.0,0.44999999999999996,0.45,1.0,3.25,18.41864778846154,73.94694192307692,overspeeding,rural,rain,high,25.0,25.0,8,True
381,Pune,51,5,18,28,9.803921568627452,35.294117647058826,54.90196078431373,82,1.607843137254902,1.0,0.4294117647058824,0.45,1.0,3.156862745098039,18.637935647058825,73.72554682352941,distraction,highway,clear,high,11.76470588235294,21.568627450980394,9,True
391,Pune,51,7,12,32,13.725490196078432,23.52941176470588,62.745098039215684,95,1.8627450980392157,1.0,0.37352941176470583,0.45,0.8,3.3333333333333335,18.45436860784314,73.74343839215688,distraction,highway,rain,low,7.8431372549019605,35.294117647058826,9,True
394,Pune,51,9,17,25,17.647058823529413,33.33333333333333,49.01960784313725,102,2.0,2.0,0.4245098039215687,0.45,1.0,2.980392156862745,18.676845058823528,73.97444705882353,overspeeding,highway,rain,medium,37.254901960784316,21.568627450980394,9,True
385,Pune,47,6,15,26,12.76595744680851,31.914893617021278,55.319148936170215,77,1.6382978723404256,1.0,0.41914893617021265,0.45,0.85,2.4893617021276597,18.555000191489363,73.84872825531916,overspeeding,urban,clear,low,27.659574468085108,21.27659574468085,10,True
400,Pune,43,4,12,27,9.30232558139535,27.906976744186046,62.7906976744186,63,1.4651162790697674,1.0,0.39069767441860465,0.45,0.8,2.8372093023255816,18.456933023255814,73.91039444186046,distraction,urban,rain,low,25.581395348837212,39.53488372093023,11,True
368,Pune,37,5,15,17,13.513513513513514,40.54054054054054,45.94594594594595,65,1.7567567567567568,1.0,0.4256756756756757,0.45,0.85,3.0,18.53733345945946,73.80807848648651,distraction,rural,clear,high,8.108108108108109,43.24324324324324,12,True
398,Pune,37,7,12,18,18.91891891891892,32.432432432432435,48.64864864864865,71,1.9189189189189189,2.0,0.40945945945945944,0.45,0.8,3.108108108108108,18.414269459459465,73.85876627027027,poor road,rural,clear,medium,24.324324324324326,29.72972972972973,12,True
369,Pune,33,6,6,21,18.181818181818183,18.181818181818183,63.63636363636363,64,1.9393939393939394,1.0,0.4606060606060606,0.45,0.8,3.272727272727273,18.688535212121213,73.86928448484849,overspeeding,urban,clear,medium,42.42424242424242,36.36363636363637,13,True
405,Pune,32,4,10,18,12.5,31.25,56.25,54,1.6875,1.0,0.46406250000000004,0.45,1.0,2.84375,18.575386343749997,73.8638701875,distraction,rural,fog,high,21.875,37.5,14,True
382,Pune,31,4,10,17,12.903225806451612,32.25806451612903,54.83870967741935,68,2.193548387096774,2.0,0.5080645161290323,0.45,1.0,2.7096774193548385,18.55603809677419,73.93367112903226,drunk driving,rural,fog,high,38.70967741935484,32.25806451612903,15,True
393,Pune,31,5,9,17,16.129032258064516,29.03225806451613,54.83870967741935,40,1.2903225806451613,1.0,0.42096774193548386,0.45,0.85,3.2903225806451615,18.59262616129032,73.7103165483871,weather,highway,clear,high,9.67741935483871,25.806451612903224,15,True
386,Pune,28,8,6,14,28.57142857142857,21.428571428571427,50.0,63,2.25,2.0,0.44285714285714295,0.45,0.8,3.0,18.618318714285714,73.95010689285714,overspeeding,highway,clear,high,14.285714285714285,28.57142857142857,16,True
375,Pune,26,2,6,18,7.6923076923076925,23.076923076923077,69.23076923076923,49,1.8846153846153846,2.0,0.4057692307692307,0.45,0.65,2.923076923076923,18.60468092307692,73.9718885,drunk driving,rural,fog,low,11.538461538461538,19.230769230769234,17,True
384,Pune,26,3,9,14,11.538461538461538,34.61538461538461,53.84615384615385,44,1.6923076923076923,1.5,0.35,0.35,0.8,3.0,18.6733455,73.71735684615385,overspeeding,rural,clear,low,15.384615384615385,38.46153846153847,17,True
374,Pune,25,4,8,13,16.0,32.0,52.0,50,2.0,2.0,0.49200000000000005,0.45,0.85,3.6,18.63164092,73.76086928000001,distraction,rural,fog,low,16.0,16.0,18,True
370,Pune,21,3,7,11,14.285714285714285,33.33333333333333,52.38095238095239,25,1.1904761904761905,1.0,0.4047619047619048,0.45,0.85,2.4285714285714284,18.569394047619046,73.79368685714286,poor road,highway,clear,low,14.285714285714285,19.047619047619047,19,True
390,Pune,20,3,6,11,15.0,30.0,55.00000000000001,36,1.8,2.0,0.49499999999999994,0.45,1.0,3.35,18.5721378,73.95675954999999,distraction,highway,fog,high,35.0,30.0,20,True
407,Pune,20,0,6,14,0.0,30.0,70.0,24,1.2,1.0,0.36000000000000004,0.45,0.8,2.6,18.557217150000003,73.8946617,poor road,rural,clear,low,25.0,25.0,20,True
396,Pune,19,4,7,8,21.052631578947366,36.84210526315789,42.10526315789473,33,1.736842105263158,2.0,0.42631578947368426,0.45,0.8,2.8947368421052633,18.568345947368424,73.75634405263158,poor road,urban,clear,medium,21.052631578947366,15.789473684210526,21,True
404,Pune,19,2,5,12,10.526315789473683,26.31578947368421,63.1578947368421,33,1.736842105263158,1.0,0.3684210526315789,0.45,0.65,3.3157894736842106,18.607673736842106,73.8861312631579,distraction,rural,clear,low,15.789473684210526,21.052631578947366,21,True
414,Pune,19,2,5,12,10.526315789473683,26.31578947368421,63.1578947368421,43,2.263157894736842,3.0,0.36578947368421055,0.45,0.8,3.4210526315789473,18.477585789473686,73.981019,distraction,urban,rain,medium,15.789473684210526,26.31578947368421,21,True
387,Pune,18,5,2,11,27.77777777777778,11.11111111111111,61.111111111111114,24,1.3333333333333333,1.0,0.4583333333333333,0.375,1.0,2.3333333333333335,18.60049672222222,73.9262677777778,poor road,highway,clear,high,27.77777777777778,22.22222222222222,22,True
423,Pune,18,5,4,9,27.77777777777778,22.22222222222222,50.0,35,1.9444444444444444,2.0,0.48888888888888893,0.45,0.85,2.888888888888889,18.68834561111111,73.83506455555556,distraction,urban,rain,high,16.666666666666664,38.88888888888889,22,True
383,Pune,17,5,1,11,29.411764705882355,5.88235294117647,64.70588235294117,31,1.8235294117647058,1.0,0.5147058823529411,0.45,0.8,2.4705882352941178,18.51450535294118,73.70855876470588,drunk driving,highway,rain,low,23.52941176470588,23.52941176470588,23,True
401,Pune,17,2,7,8,11.76470588235294,41.17647058823529,47.05882352941176,28,1.6470588235294117,2.0,0.49411764705882355,0.45,0.8,3.2941176470588234,18.434908764705884,73.78137370588236,drunk driving,highway,rain,medium,41.17647058823529,17.647058823529413,23,True
415,Pune,17,4,6,7,23.52941176470588,35.294117647058826,41.17647058823529,37,2.176470588235294,2.0,0.47058823529411775,0.45,0.8,3.235294117647059,18.50988105882353,73.81616005882354,overspeeding,rural,rain,high,35.294117647058826,35.294117647058826,23,True
372,Pune,16,2,4,10,12.5,25.0,62.5,29,1.8125,1.5,0.4375,0.45,0.8,2.9375,18.548536437499997,73.7549570625,distraction,urban,rain,high,37.5,18.75,24,True
388,Pune,16,2,7,7,12.5,43.75,43.75,23,1.4375,1.0,0.47187500000000004,0.45,0.8,3.1875,18.640132625,73.986713,overspeeding,urban,clear,high,18.75,18.75,24,True
408,Pune,16,3,4,9,18.75,25.0,56.25,25,1.5625,1.0,0.45000000000000007,0.45,0.8,2.6875,18.589433,73.7847285,poor road,urban,rain,high,12.5,12.5,24,True
416,Pune,16,3,4,9,18.75,25.0,56.25,30,1.875,1.5,0.503125,0.525,0.85,3.3125,18.6239355,73.901281375,poor road,rural,clear,high,56.25,43.75,24,True
420,Pune,16,1,5,10,6.25,31.25,62.5,25,1.5625,1.0,0.39375000000000004,0.45,0.8,3.1875,18.426708375,73.9047275625,drunk driving,urban,clear,low,37.5,25.0,24,True
422,Pune,16,0,4,12,0.0,25.0,75.0,20,1.25,1.0,0.36250000000000004,0.3,0.65,2.5625,18.447438499999997,73.81436174999999,overspeeding,urban,clear,high,25.0,31.25,24,True
366,Pune,15,3,3,9,20.0,20.0,60.0,28,1.8666666666666667,1.0,0.4533333333333333,0.45,0.85,3.2,18.692650266666668,73.93670853333333,drunk driving,highway,fog,low,26.666666666666668,46.666666666666664,25,True
418,Pune,15,0,3,12,0.0,20.0,80.0,14,0.9333333333333333,1.0,0.4066666666666666,0.45,0.65,2.6666666666666665,18.421281866666664,73.7602732,drunk driving,highway,clear,high,20.0,26.666666666666668,25,True
