city,dbscan_cluster,accident_count,total_casualties,mean_casualties,mean_vehicles,mean_risk_score,fatal_accidents,major_accidents,minor_accidents,fatality_proportion,major_proportion,severe_proportion,accident_count_percentile,fatality_proportion_percentile,total_casualties_percentile,mean_risk_score_percentile,high_accident_density,high_fatality_proportion,high_casualty_burden,high_mean_risk_score,risk_profile,priority_for_mapping
Bangalore,4,127,222,1.7480314960629921,2.9133858267716537,0.4562992125984252,27,41,59,0.2125984251968504,0.3228346456692913,0.5354330708661418,0.9361702127659575,0.8085106382978723,0.9361702127659575,0.5957446808510638,True,True,True,False,multiple_high_risk_indicators,True
Bangalore,23,64,110,1.71875,2.890625,0.4625,13,12,39,0.203125,0.1875,0.390625,0.851063829787234,0.7659574468085106,0.851063829787234,0.723404255319149,True,True,True,False,multiple_high_risk_indicators,True
Bangalore,16,48,81,1.6875,2.8541666666666665,0.45416666666666666,9,17,22,0.1875,0.3541666666666667,0.5416666666666666,0.7446808510638298,0.6702127659574468,0.7446808510638298,0.574468085106383,False,False,False,False,no_top_quartile_indicator,False
Bangalore,19,42,68,1.619047619047619,3.0238095238095237,0.4095238095238095,8,13,21,0.19047619047619047,0.30952380952380953,0.5,0.7021276595744681,0.7021276595744681,0.7021276595744681,0.19148936170212766,False,False,False,False,no_top_quartile_indicator,False
Bangalore,24,41,67,1.6341463414634145,2.7804878048780486,0.45365853658536587,5,13,23,0.12195121951219512,0.3170731707317073,0.43902439024390244,0.6808510638297872,0.3404255319148936,0.6808510638297872,0.5531914893617021,False,False,False,False,no_top_quartile_indicator,False
Bangalore,25,34,53,1.5588235294117647,2.8823529411764706,0.43676470588235294,3,8,23,0.08823529411764706,0.23529411764705882,0.3235294117647059,0.648936170212766,0.2127659574468085,0.6063829787234043,0.46808510638297873,False,False,False,False,no_top_quartile_indicator,False
Bangalore,3,30,55,1.8333333333333333,3.1666666666666665,0.43833333333333335,4,5,21,0.13333333333333333,0.16666666666666666,0.3,0.6063829787234043,0.44680851063829785,0.6382978723404256,0.48936170212765956,False,False,False,False,no_top_quartile_indicator,False
Bangalore,27,27,41,1.5185185185185186,3.0,0.38148148148148153,2,6,19,0.07407407407407407,0.2222222222222222,0.2962962962962963,0.5319148936170213,0.1276595744680851,0.46808510638297873,0.10638297872340426,False,False,False,False,no_top_quartile_indicator,False
Bangalore,8,25,24,0.96,2.72,0.406,1,7,17,0.04,0.28,0.32,0.4787234042553192,0.06382978723404255,0.3191489361702128,0.1702127659574468,False,False,False,False,no_top_quartile_indicator,False
Bangalore,31,25,42,1.68,3.48,0.462,3,8,14,0.12,0.32,0.44,0.4787234042553192,0.3191489361702128,0.48936170212765956,0.6914893617021277,False,False,False,False,no_top_quartile_indicator,False
Bangalore,30,23,40,1.7391304347826086,3.0,0.41086956521739126,3,5,15,0.13043478260869565,0.21739130434782608,0.34782608695652173,0.425531914893617,0.40425531914893614,0.44680851063829785,0.23404255319148937,False,False,False,False,no_top_quartile_indicator,False
Bangalore,20,22,38,1.7272727272727273,2.5454545454545454,0.3795454545454545,2,7,13,0.09090909090909091,0.3181818181818182,0.4090909090909091,0.40425531914893614,0.24468085106382978,0.425531914893617,0.0851063829787234,False,False,False,False,no_top_quartile_indicator,False
Bangalore,13,17,23,1.3529411764705883,2.7058823529411766,0.37058823529411766,1,4,12,0.058823529411764705,0.23529411764705882,0.29411764705882354,0.3404255319148936,0.0851063829787234,0.2553191489361702,0.06382978723404255,False,False,False,False,no_top_quartile_indicator,False
Bangalore,33,16,32,2.0,3.1875,0.33125,3,4,9,0.1875,0.25,0.4375,0.3191489361702128,0.6702127659574468,0.3829787234042553,0.0425531914893617,False,False,False,False,no_top_quartile_indicator,False
Bangalore,12,47,86,1.8297872340425532,3.1702127659574466,0.4404255319148936,6,16,25,0.1276595744680851,0.3404255319148936,0.46808510638297873,0.723404255319149,0.3829787234042553,0.7872340425531915,0.5106382978723404,False,False,True,False,single_high_risk_indicator,True
Bangalore,36,34,43,1.2647058823529411,2.3823529411764706,0.41029411764705886,7,9,18,0.20588235294117646,0.2647058823529412,0.47058823529411764,0.648936170212766,0.7872340425531915,0.5212765957446809,0.2127659574468085,False,True,False,False,single_high_risk_indicator,True
Bangalore,21,30,60,2.0,3.033333333333333,0.43333333333333335,7,4,19,0.23333333333333334,0.13333333333333333,0.36666666666666664,0.6063829787234043,0.851063829787234,0.6595744680851063,0.425531914893617,False,True,False,False,single_high_risk_indicator,True
Bangalore,9,29,53,1.8275862068965518,3.206896551724138,0.4689655172413793,4,11,14,0.13793103448275862,0.3793103448275862,0.5172413793103449,0.574468085106383,0.48936170212765956,0.6063829787234043,0.8297872340425532,False,False,False,True,single_high_risk_indicator,True
Bangalore,26,28,50,1.7857142857142858,3.0,0.46071428571428574,6,10,12,0.21428571428571427,0.35714285714285715,0.5714285714285714,0.5531914893617021,0.8297872340425532,0.574468085106383,0.6595744680851063,False,True,False,False,single_high_risk_indicator,True
Bangalore,32,25,43,1.72,2.92,0.462,6,9,10,0.24,0.36,0.6,0.4787234042553192,0.8829787234042553,0.5212765957446809,0.6914893617021277,False,True,False,False,single_high_risk_indicator,True
Bangalore,28,21,31,1.4761904761904763,2.8095238095238093,0.5357142857142857,3,7,11,0.14285714285714285,0.3333333333333333,0.47619047619047616,0.3829787234042553,0.5319148936170213,0.3617021276595745,0.9361702127659575,False,False,False,True,single_high_risk_indicator,True
Bangalore,22,18,36,2.0,3.1666666666666665,0.4666666666666667,3,4,11,0.16666666666666666,0.2222222222222222,0.3888888888888889,0.3617021276595745,0.5957446808510638,0.40425531914893614,0.7872340425531915,False,False,False,True,single_high_risk_indicator,True
Bangalore,10,15,24,1.6,2.8,0.46,4,4,7,0.26666666666666666,0.26666666666666666,0.5333333333333333,0.26595744680851063,0.9148936170212766,0.3191489361702128,0.6382978723404256,False,True,False,False,single_high_risk_indicator,True
Bangalore,38,15,24,1.6,2.933333333333333,0.4666666666666667,3,6,6,0.2,0.4,0.6,0.26595744680851063,0.7340425531914894,0.3191489361702128,0.7872340425531915,False,False,False,True,single_high_risk_indicator,True
Bangalore,39,15,23,1.5333333333333334,3.2666666666666666,0.4666666666666667,1,9,5,0.06666666666666667,0.6,0.6666666666666666,0.26595744680851063,0.10638297872340426,0.2553191489361702,0.7872340425531915,False,False,False,True,single_high_risk_indicator,True
Bangalore,6,205,342,1.6682926829268292,3.0195121951219512,0.43243902439024395,29,65,111,0.14146341463414633,0.3170731707317073,0.4585365853658537,1.0,0.5106382978723404,0.9574468085106383,0.40425531914893614,True,False,True,False,two_high_risk_indicators,True
Bangalore,14,193,350,1.8134715025906736,2.994818652849741,0.4121761658031088,34,57,102,0.17616580310880828,0.29533678756476683,0.47150259067357514,0.9787234042553191,0.6170212765957447,1.0,0.2765957446808511,True,False,True,False,two_high_risk_indicators,True
Bangalore,0,187,343,1.8342245989304813,3.144385026737968,0.4149732620320856,23,63,101,0.12299465240641712,0.33689839572192515,0.45989304812834225,0.9574468085106383,0.3617021276595745,0.9787234042553191,0.2978723404255319,True,False,True,False,two_high_risk_indicators,True
Bangalore,2,122,200,1.639344262295082,2.9672131147540983,0.4586065573770492,22,23,77,0.18032786885245902,0.1885245901639344,0.36885245901639346,0.9148936170212766,0.6382978723404256,0.9148936170212766,0.6170212765957447,True,False,True,False,two_high_risk_indicators,True
Bangalore,5,106,188,1.7735849056603774,3.009433962264151,0.43066037735849055,14,27,65,0.1320754716981132,0.25471698113207547,0.3867924528301887,0.8936170212765957,0.425531914893617,0.8936170212765957,0.3829787234042553,True,False,True,False,two_high_risk_indicators,True
Bangalore,15,74,122,1.6486486486486487,2.9594594594594597,0.4337837837837838,12,23,39,0.16216216216216217,0.3108108108108108,0.47297297297297297,0.8723404255319149,0.574468085106383,0.8723404255319149,0.44680851063829785,True,False,True,False,two_high_risk_indicators,True
Bangalore,18,59,103,1.7457627118644068,3.016949152542373,0.3889830508474576,5,15,39,0.0847457627118644,0.2542372881355932,0.3389830508474576,0.8297872340425532,0.19148936170212766,0.8297872340425532,0.1276595744680851,True,False,True,False,two_high_risk_indicators,True
Bangalore,1,53,84,1.5849056603773586,2.9245283018867925,0.4528301886792453,4,12,37,0.07547169811320754,0.22641509433962265,0.3018867924528302,0.7978723404255319,0.14893617021276595,0.7659574468085106,0.5319148936170213,True,False,True,False,two_high_risk_indicators,True
Bangalore,11,53,74,1.3962264150943395,2.7735849056603774,0.4867924528301887,6,16,31,0.11320754716981132,0.3018867924528302,0.41509433962264153,0.7978723404255319,0.2978723404255319,0.723404255319149,0.9148936170212766,True,False,False,True,two_high_risk_indicators,True
Bangalore,17,52,94,1.8076923076923077,3.326923076923077,0.42980769230769234,7,17,28,0.1346153846153846,0.3269230769230769,0.46153846153846156,0.7659574468085106,0.46808510638297873,0.8085106382978723,0.3617021276595745,True,False,True,False,two_high_risk_indicators,True
Bangalore,29,25,49,1.96,3.24,0.48,6,7,12,0.24,0.28,0.52,0.4787234042553192,0.8829787234042553,0.5531914893617021,0.8723404255319149,False,True,False,True,two_high_risk_indicators,True
Bangalore,45,15,18,1.2,1.8,0.5466666666666667,5,3,7,0.3333333333333333,0.2,0.5333333333333333,0.26595744680851063,0.9468085106382979,0.1595744680851064,0.9574468085106383,False,True,False,True,two_high_risk_indicators,True
Chennai,49,172,311,1.808139534883721,3.0406976744186047,0.45494186046511625,32,47,93,0.18604651162790697,0.27325581395348836,0.45930232558139533,0.9682539682539683,0.8253968253968254,0.9682539682539683,0.5873015873015873,True,True,True,False,multiple_high_risk_indicators,True
Chennai,56,147,284,1.9319727891156462,3.0272108843537415,0.4687074829931973,28,46,73,0.19047619047619047,0.3129251700680272,0.5034013605442177,0.9523809523809523,0.8571428571428571,0.9523809523809523,0.7142857142857143,True,True,True,False,multiple_high_risk_indicators,True
Chennai,53,88,160,1.8181818181818181,2.8181818181818183,0.4602272727272727,16,23,49,0.18181818181818182,0.26136363636363635,0.4431818181818182,0.9047619047619048,0.7936507936507936,0.9047619047619048,0.6507936507936508,True,True,True,False,multiple_high_risk_indicators,True
Chennai,59,48,84,1.75,3.125,0.3979166666666667,9,17,22,0.1875,0.3541666666666667,0.5416666666666666,0.8571428571428571,0.8412698412698413,0.8412698412698413,0.23809523809523808,True,True,True,False,multiple_high_risk_indicators,True
Chennai,58,35,55,1.5714285714285714,2.742857142857143,0.5057142857142857,8,8,19,0.22857142857142856,0.22857142857142856,0.45714285714285713,0.8095238095238095,0.9365079365079365,0.7936507936507936,0.8571428571428571,True,True,True,True,multiple_high_risk_indicators,True
Chennai,67,27,52,1.9259259259259258,3.074074074074074,0.34629629629629627,1,12,14,0.037037037037037035,0.4444444444444444,0.48148148148148145,0.7301587301587301,0.14285714285714285,0.746031746031746,0.12698412698412698,False,False,False,False,no_top_quartile_indicator,False
Chennai,57,25,44,1.76,2.88,0.41600000000000004,3,4,18,0.12,0.16,0.28,0.7142857142857143,0.4444444444444444,0.6746031746031746,0.3492063492063492,False,False,False,False,no_top_quartile_indicator,False
Chennai,76,20,38,1.9,3.15,0.4425,1,5,14,0.05,0.25,0.3,0.6031746031746031,0.15873015873015872,0.6031746031746031,0.5238095238095238,False,False,False,False,no_top_quartile_indicator,False
Chennai,74,19,22,1.1578947368421053,3.0526315789473686,0.46315789473684216,3,7,9,0.15789473684210525,0.3684210526315789,0.5263157894736842,0.5873015873015873,0.6349206349206349,0.3253968253968254,0.6825396825396826,False,False,False,False,no_top_quartile_indicator,False
Chennai,75,18,36,2.0,3.111111111111111,0.4583333333333333,1,9,8,0.05555555555555555,0.5,0.5555555555555556,0.5555555555555556,0.18253968253968253,0.5873015873015873,0.6349206349206349,False,False,False,False,no_top_quartile_indicator,False
Chennai,96,18,29,1.6111111111111112,2.888888888888889,0.4222222222222223,1,5,12,0.05555555555555555,0.2777777777777778,0.3333333333333333,0.5555555555555556,0.18253968253968253,0.48412698412698413,0.42857142857142855,False,False,False,False,no_top_quartile_indicator,False
Chennai,97,18,31,1.7222222222222223,3.0555555555555554,0.4277777777777778,2,6,10,0.1111111111111111,0.3333333333333333,0.4444444444444444,0.5555555555555556,0.42063492063492064,0.5396825396825397,0.4603174603174603,False,False,False,False,no_top_quartile_indicator,False
Chennai,85,17,32,1.8823529411764706,3.0588235294117645,0.3411764705882353,1,6,10,0.058823529411764705,0.35294117647058826,0.4117647058823529,0.5238095238095238,0.20634920634920634,0.5634920634920635,0.09523809523809523,False,False,False,False,no_top_quartile_indicator,False
Chennai,69,16,26,1.625,2.9375,0.38125000000000003,1,5,10,0.0625,0.3125,0.375,0.5,0.2222222222222222,0.42063492063492064,0.21428571428571427,False,False,False,False,no_top_quartile_indicator,False
Chennai,102,16,30,1.875,2.9375,0.38125000000000003,2,7,7,0.125,0.4375,0.5625,0.5,0.48412698412698413,0.5158730158730159,0.21428571428571427,False,False,False,False,no_top_quartile_indicator,False
Chennai,51,30,52,1.7333333333333334,2.966666666666667,0.4683333333333334,4,10,16,0.13333333333333333,0.3333333333333333,0.4666666666666667,0.7857142857142857,0.5317460317460317,0.746031746031746,0.6984126984126984,True,False,False,False,single_high_risk_indicator,True
Chennai,48,28,50,1.7857142857142858,2.7142857142857144,0.41785714285714287,4,13,11,0.14285714285714285,0.4642857142857143,0.6071428571428571,0.753968253968254,0.5634920634920635,0.6984126984126984,0.3968253968253968,True,False,False,False,single_high_risk_indicator,True
Chennai,65,24,43,1.7916666666666667,3.0833333333333335,0.49791666666666673,4,4,16,0.16666666666666666,0.16666666666666666,0.3333333333333333,0.6904761904761905,0.6984126984126984,0.6507936507936508,0.8095238095238095,False,False,False,True,single_high_risk_indicator,True
Chennai,72,23,44,1.9130434782608696,3.391304347826087,0.5065217391304347,4,7,12,0.17391304347826086,0.30434782608695654,0.4782608695652174,0.6587301587301587,0.746031746031746,0.6746031746031746,0.873015873015873,False,False,False,True,single_high_risk_indicator,True
Chennai,95,22,51,2.3181818181818183,3.409090909090909,0.45454545454545453,5,9,8,0.22727272727272727,0.4090909090909091,0.6363636363636364,0.6349206349206349,0.9206349206349206,0.7142857142857143,0.5714285714285714,False,True,False,False,single_high_risk_indicator,True
Chennai,79,21,52,2.4761904761904763,3.142857142857143,0.4166666666666667,5,7,9,0.23809523809523808,0.3333333333333333,0.5714285714285714,0.6190476190476191,0.9523809523809523,0.746031746031746,0.36507936507936506,False,True,False,False,single_high_risk_indicator,True
Chennai,52,237,400,1.6877637130801688,2.9451476793248945,0.41708860759493677,38,80,119,0.16033755274261605,0.33755274261603374,0.4978902953586498,1.0,0.6507936507936508,1.0,0.38095238095238093,True,False,True,False,two_high_risk_indicators,True
Chennai,50,211,345,1.6350710900473933,2.995260663507109,0.4552132701421801,32,61,118,0.15165876777251186,0.2890995260663507,0.44075829383886256,0.9841269841269841,0.5873015873015873,0.9841269841269841,0.6031746031746031,True,False,True,False,two_high_risk_indicators,True
Chennai,60,146,240,1.643835616438356,2.9863013698630136,0.4445205479452055,25,47,74,0.17123287671232876,0.3219178082191781,0.4931506849315068,0.9365079365079365,0.7301587301587301,0.9365079365079365,0.5555555555555556,True,False,True,False,two_high_risk_indicators,True
Chennai,77,93,163,1.7526881720430108,3.129032258064516,0.4134408602150538,10,34,49,0.10752688172043011,0.3655913978494624,0.4731182795698925,0.9206349206349206,0.38095238095238093,0.9206349206349206,0.3333333333333333,True,False,True,False,two_high_risk_indicators,True
Chennai,54,79,117,1.481012658227848,2.9367088607594938,0.40379746835443037,8,28,43,0.10126582278481013,0.35443037974683544,0.45569620253164556,0.8888888888888888,0.36507936507936506,0.873015873015873,0.25396825396825395,True,False,True,False,two_high_risk_indicators,True
Chennai,61,72,135,1.875,3.1805555555555554,0.4048611111111111,9,13,50,0.125,0.18055555555555555,0.3055555555555556,0.873015873015873,0.48412698412698413,0.8888888888888888,0.2857142857142857,True,False,True,False,two_high_risk_indicators,True
Chennai,55,43,91,2.116279069767442,3.2093023255813953,0.40813953488372096,7,14,22,0.16279069767441862,0.32558139534883723,0.4883720930232558,0.8412698412698413,0.6666666666666666,0.8571428571428571,0.31746031746031744,True,False,True,False,two_high_risk_indicators,True
Chennai,83,37,72,1.945945945945946,3.054054054054054,0.42702702702702705,4,8,25,0.10810810810810811,0.21621621621621623,0.32432432432432434,0.8253968253968254,0.3968253968253968,0.8253968253968254,0.4444444444444444,True,False,True,False,two_high_risk_indicators,True
Chennai,63,30,66,2.2,3.2333333333333334,0.44333333333333336,4,5,21,0.13333333333333333,0.16666666666666666,0.3,0.7857142857142857,0.5317460317460317,0.8095238095238095,0.5396825396825397,True,False,True,False,two_high_risk_indicators,True
Chennai,64,28,39,1.3928571428571428,2.4285714285714284,0.4357142857142858,5,6,17,0.17857142857142858,0.21428571428571427,0.39285714285714285,0.753968253968254,0.7619047619047619,0.6190476190476191,0.5079365079365079,True,True,False,False,two_high_risk_indicators,True
Chennai,62,24,54,2.25,3.6666666666666665,0.45625,5,5,14,0.20833333333333334,0.20833333333333334,0.4166666666666667,0.6904761904761905,0.9047619047619048,0.7777777777777778,0.6190476190476191,False,True,True,False,two_high_risk_indicators,True
Chennai,68,23,42,1.826086956521739,2.9130434782608696,0.508695652173913,6,6,11,0.2608695652173913,0.2608695652173913,0.5217391304347826,0.6587301587301587,0.9682539682539683,0.6349206349206349,0.8888888888888888,False,True,False,True,two_high_risk_indicators,True
Chennai,73,15,17,1.1333333333333333,2.2666666666666666,0.5333333333333333,3,7,5,0.2,0.4666666666666667,0.6666666666666666,0.47619047619047616,0.8809523809523809,0.23809523809523808,0.9365079365079365,False,True,False,True,two_high_risk_indicators,True
Delhi,116,88,164,1.8636363636363635,3.034090909090909,0.5034090909090909,20,23,45,0.22727272727272727,0.26136363636363635,0.48863636363636365,0.9152542372881356,0.7966101694915254,0.923728813559322,0.8813559322033898,True,True,True,True,multiple_high_risk_indicators,True
Delhi,110,61,105,1.721311475409836,3.0655737704918034,0.48606557377049187,10,15,36,0.16393442622950818,0.2459016393442623,0.4098360655737705,0.864406779661017,0.5254237288135594,0.847457627118644,0.8305084745762712,True,False,True,True,multiple_high_risk_indicators,True
Delhi,120,55,95,1.7272727272727273,2.9272727272727272,0.4681818181818182,13,14,28,0.23636363636363636,0.2545454545454545,0.4909090909090909,0.8305084745762712,0.8305084745762712,0.8305084745762712,0.6779661016949152,True,True,True,False,multiple_high_risk_indicators,True
Delhi,130,37,58,1.5675675675675675,3.0,0.37432432432432433,4,12,21,0.10810810810810811,0.32432432432432434,0.43243243243243246,0.7457627118644068,0.23728813559322035,0.6949152542372882,0.11864406779661017,False,False,False,False,no_top_quartile_indicator,False
Delhi,124,35,54,1.542857142857143,3.057142857142857,0.4485714285714286,5,13,17,0.14285714285714285,0.37142857142857144,0.5142857142857142,0.7288135593220338,0.4576271186440678,0.6779661016949152,0.5932203389830508,False,False,False,False,no_top_quartile_indicator,False
Delhi,125,34,61,1.7941176470588236,3.264705882352941,0.38235294117647056,4,7,23,0.11764705882352941,0.20588235294117646,0.3235294117647059,0.711864406779661,0.3135593220338983,0.7288135593220338,0.15254237288135594,False,False,False,False,no_top_quartile_indicator,False
Delhi,122,30,50,1.6666666666666667,3.033333333333333,0.4483333333333333,6,5,19,0.2,0.16666666666666666,0.36666666666666664,0.652542372881356,0.7203389830508474,0.652542372881356,0.576271186440678,False,False,False,False,no_top_quartile_indicator,False
Delhi,150,27,35,1.2962962962962963,3.074074074074074,0.412962962962963,1,6,20,0.037037037037037035,0.2222222222222222,0.25925925925925924,0.6186440677966102,0.1016949152542373,0.576271186440678,0.3050847457627119,False,False,False,False,no_top_quartile_indicator,False
Delhi,142,25,44,1.76,2.88,0.402,3,8,14,0.12,0.32,0.44,0.5932203389830508,0.3559322033898305,0.6101694915254238,0.22033898305084745,False,False,False,False,no_top_quartile_indicator,False
Delhi,135,23,29,1.2608695652173914,3.1739130434782608,0.43695652173913047,3,8,12,0.13043478260869565,0.34782608695652173,0.4782608695652174,0.576271186440678,0.423728813559322,0.4915254237288136,0.4661016949152542,False,False,False,False,no_top_quartile_indicator,False
Delhi,132,18,32,1.7777777777777777,2.611111111111111,0.3111111111111111,0,4,14,0.0,0.2222222222222222,0.2222222222222222,0.5169491525423728,0.0423728813559322,0.5169491525423728,0.03389830508474576,False,False,False,False,no_top_quartile_indicator,False
Delhi,140,18,27,1.5,2.6666666666666665,0.4388888888888889,2,4,12,0.1111111111111111,0.2222222222222222,0.3333333333333333,0.5169491525423728,0.2711864406779661,0.4576271186440678,0.5,False,False,False,False,no_top_quartile_indicator,False
Delhi,118,17,24,1.411764705882353,2.235294117647059,0.38823529411764707,2,9,6,0.11764705882352941,0.5294117647058824,0.6470588235294118,0.4576271186440678,0.3135593220338983,0.3898305084745763,0.1694915254237288,False,False,False,False,no_top_quartile_indicator,False
Delhi,156,17,32,1.8823529411764706,2.7058823529411766,0.45,3,4,10,0.17647058823529413,0.23529411764705882,0.4117647058823529,0.4576271186440678,0.6271186440677966,0.5169491525423728,0.6186440677966102,False,False,False,False,no_top_quartile_indicator,False
Delhi,128,42,59,1.4047619047619047,2.7857142857142856,0.44761904761904764,7,11,24,0.16666666666666666,0.2619047619047619,0.42857142857142855,0.8050847457627118,0.5677966101694916,0.711864406779661,0.559322033898305,True,False,False,False,single_high_risk_indicator,True
Delhi,133,42,62,1.4761904761904763,2.880952380952381,0.40595238095238095,5,9,28,0.11904761904761904,0.21428571428571427,0.3333333333333333,0.8050847457627118,0.3389830508474576,0.7457627118644068,0.2542372881355932,True,False,False,False,single_high_risk_indicator,True
Delhi,127,32,78,2.4375,3.34375,0.4140625,7,11,14,0.21875,0.34375,0.5625,0.6864406779661016,0.7457627118644068,0.7966101694915254,0.3220338983050847,False,False,True,False,single_high_risk_indicator,True
Delhi,144,30,50,1.6666666666666667,3.1,0.5066666666666667,5,9,16,0.16666666666666666,0.3,0.4666666666666667,0.652542372881356,0.5677966101694916,0.652542372881356,0.8983050847457628,False,False,False,True,single_high_risk_indicator,True
Delhi,138,20,24,1.2,2.8,0.48,2,4,14,0.1,0.2,0.3,0.559322033898305,0.2033898305084746,0.3898305084745763,0.7966101694915254,False,False,False,True,single_high_risk_indicator,True
Delhi,158,18,34,1.8888888888888888,3.111111111111111,0.4305555555555556,7,4,7,0.3888888888888889,0.2222222222222222,0.6111111111111112,0.5169491525423728,0.9661016949152542,0.5508474576271186,0.3728813559322034,False,True,False,False,single_high_risk_indicator,True
Delhi,161,18,37,2.0555555555555554,3.2222222222222223,0.4388888888888889,5,4,9,0.2777777777777778,0.2222222222222222,0.5,0.5169491525423728,0.9152542372881356,0.5932203389830508,0.5,False,True,False,False,single_high_risk_indicator,True
Delhi,131,17,25,1.4705882352941178,3.176470588235294,0.43529411764705883,4,3,10,0.23529411764705882,0.17647058823529413,0.4117647058823529,0.4576271186440678,0.8135593220338984,0.4322033898305085,0.4406779661016949,False,True,False,False,single_high_risk_indicator,True
Delhi,151,16,24,1.5,3.4375,0.484375,1,3,12,0.0625,0.1875,0.25,0.4152542372881356,0.13559322033898305,0.3898305084745763,0.8135593220338984,False,False,False,True,single_high_risk_indicator,True
Delhi,117,276,479,1.7355072463768115,2.9528985507246377,0.43695652173913047,49,81,146,0.17753623188405798,0.29347826086956524,0.47101449275362317,1.0,0.6440677966101694,1.0,0.4661016949152542,True,False,True,False,two_high_risk_indicators,True
Delhi,112,162,245,1.5123456790123457,2.7777777777777777,0.442283950617284,21,45,96,0.12962962962962962,0.2777777777777778,0.4074074074074074,0.9830508474576272,0.4067796610169492,0.9830508474576272,0.5254237288135594,True,False,True,False,two_high_risk_indicators,True
Delhi,114,117,212,1.811965811965812,2.8803418803418803,0.45213675213675214,22,22,73,0.18803418803418803,0.18803418803418803,0.37606837606837606,0.9661016949152542,0.6779661016949152,0.9661016949152542,0.6440677966101694,True,False,True,False,two_high_risk_indicators,True
Delhi,115,113,211,1.8672566371681416,2.9734513274336285,0.4327433628318584,18,28,67,0.1592920353982301,0.24778761061946902,0.40707964601769914,0.9491525423728814,0.5084745762711864,0.9491525423728814,0.4067796610169492,True,False,True,False,two_high_risk_indicators,True
Delhi,113,95,164,1.7263157894736842,2.8526315789473684,0.4310526315789474,16,27,52,0.16842105263157894,0.28421052631578947,0.45263157894736844,0.9322033898305084,0.6101694915254238,0.923728813559322,0.3898305084745763,True,False,True,False,two_high_risk_indicators,True
Delhi,121,77,106,1.3766233766233766,2.675324675324675,0.42857142857142855,12,21,44,0.15584415584415584,0.2727272727272727,0.42857142857142855,0.8983050847457628,0.4915254237288136,0.864406779661017,0.3559322033898305,True,False,True,False,two_high_risk_indicators,True
Delhi,139,75,126,1.68,3.066666666666667,0.4026666666666667,6,26,43,0.08,0.3466666666666667,0.4266666666666667,0.8813559322033898,0.15254237288135594,0.8983050847457628,0.23728813559322035,True,False,True,False,two_high_risk_indicators,True
Delhi,143,58,112,1.9310344827586208,3.1724137931034484,0.38189655172413794,11,18,29,0.1896551724137931,0.3103448275862069,0.5,0.847457627118644,0.6949152542372882,0.8813559322033898,0.13559322033898305,True,False,True,False,two_high_risk_indicators,True
Delhi,119,40,79,1.975,3.025,0.43375,2,14,24,0.05,0.35,0.4,0.7711864406779662,0.11864406779661017,0.8135593220338984,0.423728813559322,True,False,True,False,two_high_risk_indicators,True
Delhi,129,40,74,1.85,3.05,0.37375,1,14,25,0.025,0.35,0.375,0.7711864406779662,0.0847457627118644,0.7796610169491526,0.1016949152542373,True,False,True,False,two_high_risk_indicators,True
Delhi,123,32,71,2.21875,3.375,0.4546875,8,7,17,0.25,0.21875,0.46875,0.6864406779661016,0.864406779661017,0.7627118644067796,0.6610169491525424,False,True,True,False,two_high_risk_indicators,True
Delhi,136,27,45,1.6666666666666667,2.5925925925925926,0.5111111111111112,7,6,14,0.25925925925925924,0.2222222222222222,0.48148148148148145,0.6186440677966102,0.8983050847457628,0.6271186440677966,0.9152542372881356,False,True,False,True,two_high_risk_indicators,True
Delhi,134,16,34,2.125,3.3125,0.534375,4,6,6,0.25,0.375,0.625,0.4152542372881356,0.864406779661017,0.5508474576271186,0.9491525423728814,False,True,False,True,two_high_risk_indicators,True
Hyderabad,174,105,193,1.838095238095238,2.895238095238095,0.4666666666666667,25,29,51,0.23809523809523808,0.2761904761904762,0.5142857142857142,1.0,0.9,1.0,0.7,True,True,True,False,multiple_high_risk_indicators,True
Hyderabad,175,57,100,1.7543859649122806,3.0526315789473686,0.45438596491228067,11,14,32,0.19298245614035087,0.24561403508771928,0.43859649122807015,0.9428571428571428,0.7857142857142857,0.9285714285714286,0.6285714285714286,True,True,True,False,multiple_high_risk_indicators,True
Hyderabad,195,47,82,1.7446808510638299,3.0425531914893615,0.4308510638297872,9,15,23,0.19148936170212766,0.3191489361702128,0.5106382978723404,0.85,0.7714285714285715,0.8571428571428571,0.44285714285714284,True,True,True,False,multiple_high_risk_indicators,True
Hyderabad,179,45,86,1.9111111111111112,3.466666666666667,0.4633333333333334,10,10,25,0.2222222222222222,0.2222222222222222,0.4444444444444444,0.8142857142857143,0.8428571428571429,0.8857142857142857,0.6714285714285714,True,True,True,False,multiple_high_risk_indicators,True
Hyderabad,183,38,82,2.1578947368421053,2.8947368421052633,0.4973684210526316,8,11,19,0.21052631578947367,0.2894736842105263,0.5,0.75,0.8214285714285714,0.8571428571428571,0.8285714285714286,True,True,True,True,multiple_high_risk_indicators,True
Hyderabad,207,38,67,1.763157894736842,3.0,0.4263157894736842,8,13,17,0.21052631578947367,0.34210526315789475,0.5526315789473685,0.75,0.8214285714285714,0.7642857142857142,0.38571428571428573,True,True,True,False,multiple_high_risk_indicators,True
Hyderabad,201,35,54,1.542857142857143,3.085714285714286,0.44571428571428573,6,8,21,0.17142857142857143,0.22857142857142856,0.4,0.7214285714285714,0.7,0.6571428571428571,0.5428571428571428,False,False,False,False,no_top_quartile_indicator,False
Hyderabad,206,34,58,1.7058823529411764,3.088235294117647,0.38676470588235295,4,8,22,0.11764705882352941,0.23529411764705882,0.35294117647058826,0.6928571428571428,0.45,0.7071428571428572,0.15714285714285714,False,False,False,False,no_top_quartile_indicator,False
Hyderabad,192,33,50,1.5151515151515151,3.4242424242424243,0.47424242424242424,1,15,17,0.030303030303030304,0.45454545454545453,0.48484848484848486,0.6714285714285714,0.17142857142857143,0.6428571428571429,0.7428571428571429,False,False,False,False,no_top_quartile_indicator,False
Hyderabad,182,30,56,1.8666666666666667,2.966666666666667,0.43,3,8,19,0.1,0.26666666666666666,0.36666666666666664,0.6428571428571429,0.38571428571428573,0.6857142857142857,0.42857142857142855,False,False,False,False,no_top_quartile_indicator,False
Hyderabad,188,29,46,1.5862068965517242,2.793103448275862,0.47413793103448276,1,11,17,0.034482758620689655,0.3793103448275862,0.41379310344827586,0.6142857142857143,0.18571428571428572,0.6285714285714286,0.7285714285714285,False,False,False,False,no_top_quartile_indicator,False
Hyderabad,205,28,39,1.3928571428571428,3.25,0.3732142857142858,2,7,19,0.07142857142857142,0.25,0.32142857142857145,0.6,0.2642857142857143,0.5857142857142857,0.07142857142857142,False,False,False,False,no_top_quartile_indicator,False
Hyderabad,208,27,35,1.2962962962962963,2.5555555555555554,0.34074074074074073,2,5,20,0.07407407407407407,0.18518518518518517,0.25925925925925924,0.5857142857142857,0.30714285714285716,0.5642857142857143,0.04285714285714286,False,False,False,False,no_top_quartile_indicator,False
Hyderabad,178,25,43,1.72,2.96,0.41200000000000003,3,6,16,0.12,0.24,0.36,0.5714285714285714,0.4714285714285714,0.6071428571428571,0.24285714285714285,False,False,False,False,no_top_quartile_indicator,False
Hyderabad,193,24,30,1.25,2.6666666666666665,0.42291666666666666,3,6,15,0.125,0.25,0.375,0.5571428571428572,0.4857142857142857,0.5142857142857142,0.37142857142857144,False,False,False,False,no_top_quartile_indicator,False
Hyderabad,218,23,27,1.173913043478261,3.0869565217391304,0.3695652173913043,1,7,15,0.043478260869565216,0.30434782608695654,0.34782608695652173,0.5428571428571428,0.2,0.4357142857142857,0.05714285714285714,False,False,False,False,no_top_quartile_indicator,False
Hyderabad,171,20,29,1.45,2.8,0.4425,2,8,10,0.1,0.4,0.5,0.5142857142857142,0.38571428571428573,0.4785714285714286,0.5285714285714286,False,False,False,False,no_top_quartile_indicator,False
Hyderabad,200,20,32,1.6,2.9,0.385,2,4,14,0.1,0.2,0.3,0.5142857142857142,0.38571428571428573,0.5285714285714286,0.10714285714285714,False,False,False,False,no_top_quartile_indicator,False
Hyderabad,217,17,29,1.7058823529411764,3.0,0.45,1,6,10,0.058823529411764705,0.35294117647058826,0.4117647058823529,0.4857142857142857,0.22857142857142856,0.4785714285714286,0.5714285714285714,False,False,False,False,no_top_quartile_indicator,False
Hyderabad,186,16,29,1.8125,3.0,0.41250000000000003,0,4,12,0.0,0.25,0.25,0.4642857142857143,0.08571428571428572,0.4785714285714286,0.2571428571428571,False,False,False,False,no_top_quartile_indicator,False
Hyderabad,209,41,60,1.4634146341463414,2.975609756097561,0.43414634146341463,2,15,24,0.04878048780487805,0.36585365853658536,0.4146341463414634,0.8,0.21428571428571427,0.7285714285714285,0.4857142857142857,True,False,False,False,single_high_risk_indicator,True
Hyderabad,177,40,66,1.65,2.75,0.42000000000000004,4,12,24,0.1,0.3,0.4,0.7857142857142857,0.38571428571428573,0.7428571428571429,0.32142857142857145,True,False,False,False,single_high_risk_indicator,True
Hyderabad,176,34,43,1.2647058823529411,2.6176470588235294,0.4882352941176471,4,10,20,0.11764705882352941,0.29411764705882354,0.4117647058823529,0.6928571428571428,0.45,0.6071428571428571,0.8142857142857143,False,False,False,True,single_high_risk_indicator,True
Hyderabad,202,30,58,1.9333333333333333,3.1,0.43666666666666665,7,11,12,0.23333333333333334,0.36666666666666664,0.6,0.6428571428571429,0.8857142857142857,0.7071428571428572,0.5,False,True,False,False,single_high_risk_indicator,True
Hyderabad,216,30,55,1.8333333333333333,3.033333333333333,0.41333333333333333,8,9,13,0.26666666666666666,0.3,0.5666666666666667,0.6428571428571429,0.9285714285714286,0.6714285714285714,0.2714285714285714,False,True,False,False,single_high_risk_indicator,True
Hyderabad,194,87,146,1.6781609195402298,3.0919540229885056,0.4540229885057471,14,29,44,0.16091954022988506,0.3333333333333333,0.4942528735632184,0.9857142857142858,0.6428571428571429,0.9857142857142858,0.6,True,False,True,False,two_high_risk_indicators,True
Hyderabad,199,80,131,1.6375,2.8625,0.43187499999999995,12,30,38,0.15,0.375,0.525,0.9714285714285714,0.6142857142857143,0.9714285714285714,0.45714285714285713,True,False,True,False,two_high_risk_indicators,True
Hyderabad,185,74,123,1.662162162162162,2.824324324324324,0.4560810810810811,13,30,31,0.17567567567567569,0.40540540540540543,0.581081081081081,0.9571428571428572,0.7142857142857143,0.9571428571428572,0.6428571428571429,True,False,True,False,two_high_risk_indicators,True
Hyderabad,184,55,102,1.8545454545454545,3.418181818181818,0.42727272727272725,7,16,32,0.12727272727272726,0.2909090909090909,0.41818181818181815,0.9285714285714286,0.5,0.9428571428571428,0.4,True,False,True,False,two_high_risk_indicators,True
Hyderabad,170,54,79,1.462962962962963,2.8518518518518516,0.40092592592592596,4,19,31,0.07407407407407407,0.35185185185185186,0.42592592592592593,0.9142857142857143,0.30714285714285716,0.8214285714285714,0.2,True,False,True,False,two_high_risk_indicators,True
Hyderabad,180,53,93,1.7547169811320755,2.811320754716981,0.4216981132075472,7,18,28,0.1320754716981132,0.33962264150943394,0.4716981132075472,0.8857142857142857,0.5285714285714286,0.9142857142857143,0.34285714285714286,True,False,True,False,two_high_risk_indicators,True
Hyderabad,181,53,82,1.5471698113207548,2.830188679245283,0.43301886792452826,4,18,31,0.07547169811320754,0.33962264150943394,0.41509433962264153,0.8857142857142857,0.32857142857142857,0.8571428571428571,0.4714285714285714,True,False,True,False,two_high_risk_indicators,True
Hyderabad,203,53,87,1.6415094339622642,2.811320754716981,0.41792452830188676,8,15,30,0.1509433962264151,0.2830188679245283,0.4339622641509434,0.8857142857142857,0.6285714285714286,0.9,0.2857142857142857,True,False,True,False,two_high_risk_indicators,True
Hyderabad,214,47,79,1.6808510638297873,2.978723404255319,0.4542553191489362,6,17,24,0.1276595744680851,0.3617021276595745,0.48936170212765956,0.85,0.5142857142857142,0.8214285714285714,0.6142857142857143,True,False,True,False,two_high_risk_indicators,True
Hyderabad,191,46,74,1.608695652173913,2.8260869565217392,0.38913043478260867,5,17,24,0.10869565217391304,0.3695652173913043,0.4782608695652174,0.8285714285714286,0.42857142857142855,0.7857142857142857,0.17142857142857143,True,False,True,False,two_high_risk_indicators,True
Hyderabad,196,39,75,1.9230769230769231,2.8461538461538463,0.4217948717948718,7,14,18,0.1794871794871795,0.358974358974359,0.5384615384615384,0.7714285714285715,0.7285714285714285,0.8,0.35714285714285715,True,False,True,False,two_high_risk_indicators,True
Hyderabad,172,35,67,1.9142857142857144,2.742857142857143,0.4757142857142857,5,11,19,0.14285714285714285,0.3142857142857143,0.45714285714285713,0.7214285714285714,0.5714285714285714,0.7642857142857142,0.7571428571428571,False,False,True,True,two_high_risk_indicators,True
Hyderabad,212,20,35,1.75,2.95,0.5375,4,2,14,0.2,0.1,0.3,0.5142857142857142,0.8,0.5642857142857143,0.9571428571428572,False,True,False,True,two_high_risk_indicators,True
Hyderabad,173,16,33,2.0625,3.0625,0.51875,3,5,8,0.1875,0.3125,0.5,0.4642857142857143,0.7571428571428571,0.5428571428571428,0.9,False,True,False,True,two_high_risk_indicators,True
Kolkata,249,78,162,2.076923076923077,3.141025641025641,0.4608974358974359,20,23,35,0.2564102564102564,0.2948717948717949,0.5512820512820513,0.9459459459459459,0.9324324324324325,0.9459459459459459,0.7567567567567568,True,True,True,True,multiple_high_risk_indicators,True
Kolkata,267,63,126,2.0,3.3015873015873014,0.4420634920634921,15,12,36,0.23809523809523808,0.19047619047619047,0.42857142857142855,0.9324324324324325,0.8918918918918919,0.9324324324324325,0.6216216216216216,True,True,True,False,multiple_high_risk_indicators,True
Kolkata,251,46,81,1.7608695652173914,2.760869565217391,0.4804347826086957,9,7,30,0.1956521739130435,0.15217391304347827,0.34782608695652173,0.8851351351351351,0.7972972972972973,0.8918918918918919,0.8378378378378378,True,True,True,True,multiple_high_risk_indicators,True
Kolkata,273,44,75,1.7045454545454546,2.977272727272727,0.3977272727272727,8,13,23,0.18181818181818182,0.29545454545454547,0.4772727272727273,0.8648648648648649,0.7635135135135135,0.8783783783783784,0.2972972972972973,True,True,True,False,multiple_high_risk_indicators,True
Kolkata,279,42,71,1.6904761904761905,2.7857142857142856,0.4357142857142857,8,10,24,0.19047619047619047,0.23809523809523808,0.42857142857142855,0.8378378378378378,0.7837837837837838,0.8378378378378378,0.5405405405405406,True,True,True,False,multiple_high_risk_indicators,True
Kolkata,271,27,54,2.0,3.5185185185185186,0.4555555555555556,3,8,16,0.1111111111111111,0.2962962962962963,0.4074074074074074,0.7162162162162162,0.41216216216216217,0.7162162162162162,0.7162162162162162,False,False,False,False,no_top_quartile_indicator,False
Kolkata,261,24,13,0.5416666666666666,2.2083333333333335,0.3979166666666667,2,8,14,0.08333333333333333,0.3333333333333333,0.4166666666666667,0.6891891891891891,0.2972972972972973,0.14864864864864866,0.3108108108108108,False,False,False,False,no_top_quartile_indicator,False
Kolkata,260,23,31,1.3478260869565217,3.0869565217391304,0.42391304347826086,0,7,16,0.0,0.30434782608695654,0.30434782608695654,0.668918918918919,0.060810810810810814,0.6418918918918919,0.44594594594594594,False,False,False,False,no_top_quartile_indicator,False
Kolkata,272,20,30,1.5,3.2,0.3825,1,7,12,0.05,0.35,0.4,0.6351351351351351,0.13513513513513514,0.6081081081081081,0.20270270270270271,False,False,False,False,no_top_quartile_indicator,False
Kolkata,291,20,18,0.9,2.35,0.43500000000000005,1,8,11,0.05,0.4,0.45,0.6351351351351351,0.13513513513513514,0.35135135135135137,0.527027027027027,False,False,False,False,no_top_quartile_indicator,False
Kolkata,294,18,22,1.2222222222222223,2.5555555555555554,0.4444444444444444,2,4,12,0.1111111111111111,0.2222222222222222,0.3333333333333333,0.6013513513513513,0.41216216216216217,0.46621621621621623,0.6351351351351351,False,False,False,False,no_top_quartile_indicator,False
Kolkata,250,17,30,1.7647058823529411,3.1176470588235294,0.4117647058823529,1,8,8,0.058823529411764705,0.47058823529411764,0.5294117647058824,0.5675675675675675,0.16216216216216217,0.6081081081081081,0.3918918918918919,False,False,False,False,no_top_quartile_indicator,False
Kolkata,299,16,27,1.6875,2.6875,0.459375,1,6,9,0.0625,0.375,0.4375,0.5405405405405406,0.17567567567567569,0.5540540540540541,0.7432432432432432,False,False,False,False,no_top_quartile_indicator,False
Kolkata,255,15,26,1.7333333333333334,2.8,0.43333333333333335,2,3,10,0.13333333333333333,0.2,0.3333333333333333,0.5135135135135135,0.5472972972972973,0.527027027027027,0.5135135135135135,False,False,False,False,no_top_quartile_indicator,False
Kolkata,269,15,24,1.6,2.6666666666666665,0.44,2,1,12,0.13333333333333333,0.06666666666666667,0.2,0.5135135135135135,0.5472972972972973,0.49324324324324326,0.5945945945945946,False,False,False,False,no_top_quartile_indicator,False
Kolkata,290,15,27,1.8,3.066666666666667,0.38333333333333336,1,5,9,0.06666666666666667,0.3333333333333333,0.4,0.5135135135135135,0.1891891891891892,0.5540540540540541,0.23648648648648649,False,False,False,False,no_top_quartile_indicator,False
Kolkata,243,41,56,1.3658536585365855,2.8536585365853657,0.37926829268292683,4,9,28,0.0975609756097561,0.21951219512195122,0.3170731707317073,0.8108108108108109,0.35135135135135137,0.7297297297297297,0.17567567567567569,True,False,False,False,single_high_risk_indicator,True
Kolkata,277,36,59,1.6388888888888888,3.25,0.4388888888888889,4,10,22,0.1111111111111111,0.2777777777777778,0.3888888888888889,0.7702702702702703,0.41216216216216217,0.7432432432432432,0.5675675675675675,True,False,False,False,single_high_risk_indicator,True
Kolkata,259,30,60,2.0,3.033333333333333,0.36666666666666664,5,7,18,0.16666666666666666,0.23333333333333334,0.4,0.7297297297297297,0.6621621621621622,0.7567567567567568,0.13513513513513514,False,False,True,False,single_high_risk_indicator,True
Kolkata,262,25,47,1.88,3.04,0.46399999999999997,3,3,19,0.12,0.12,0.24,0.7027027027027027,0.47297297297297297,0.7027027027027027,0.7702702702702703,False,False,False,True,single_high_risk_indicator,True
Kolkata,289,20,31,1.55,3.3,0.4725,1,8,11,0.05,0.4,0.45,0.6351351351351351,0.13513513513513514,0.6418918918918919,0.7837837837837838,False,False,False,True,single_high_risk_indicator,True
Kolkata,258,17,29,1.7058823529411764,3.1176470588235294,0.47941176470588237,2,4,11,0.11764705882352941,0.23529411764705882,0.35294117647058826,0.5675675675675675,0.4594594594594595,0.581081081081081,0.8243243243243243,False,False,False,True,single_high_risk_indicator,True
Kolkata,275,17,34,2.0,3.0588235294117645,0.526470588235294,3,6,8,0.17647058823529413,0.35294117647058826,0.5294117647058824,0.5675675675675675,0.7432432432432432,0.6621621621621622,0.9324324324324325,False,False,False,True,single_high_risk_indicator,True
Kolkata,244,171,322,1.8830409356725146,3.146198830409357,0.44590643274853803,22,50,99,0.1286549707602339,0.29239766081871343,0.42105263157894735,1.0,0.527027027027027,1.0,0.6621621621621622,True,False,True,False,two_high_risk_indicators,True
Kolkata,242,164,308,1.8780487804878048,3.073170731707317,0.42865853658536585,28,58,78,0.17073170731707318,0.35365853658536583,0.524390243902439,0.9864864864864865,0.6891891891891891,0.9864864864864865,0.47297297297297297,True,False,True,False,two_high_risk_indicators,True
Kolkata,240,139,246,1.7697841726618706,3.1007194244604315,0.44496402877697844,20,38,81,0.14388489208633093,0.2733812949640288,0.4172661870503597,0.972972972972973,0.6081081081081081,0.9594594594594594,0.6486486486486487,True,False,True,False,two_high_risk_indicators,True
Kolkata,239,138,270,1.9565217391304348,3.246376811594203,0.44021739130434784,24,34,80,0.17391304347826086,0.2463768115942029,0.42028985507246375,0.9594594594594594,0.7162162162162162,0.972972972972973,0.6081081081081081,True,False,True,False,two_high_risk_indicators,True
Kolkata,257,57,112,1.9649122807017543,3.0350877192982457,0.4096491228070176,10,18,29,0.17543859649122806,0.3157894736842105,0.49122807017543857,0.918918918918919,0.7297297297297297,0.918918918918919,0.36486486486486486,True,False,True,False,two_high_risk_indicators,True
Kolkata,247,51,83,1.6274509803921569,3.215686274509804,0.39705882352941174,4,17,30,0.0784313725490196,0.3333333333333333,0.4117647058823529,0.9054054054054054,0.2702702702702703,0.9054054054054054,0.28378378378378377,True,False,True,False,two_high_risk_indicators,True
Kolkata,252,46,73,1.5869565217391304,2.8043478260869565,0.45869565217391306,7,17,22,0.15217391304347827,0.3695652173913043,0.5217391304347826,0.8851351351351351,0.6216216216216216,0.8513513513513513,0.7297297297297297,True,False,True,False,two_high_risk_indicators,True
Kolkata,246,42,62,1.4761904761904763,2.8333333333333335,0.43809523809523804,6,10,26,0.14285714285714285,0.23809523809523808,0.38095238095238093,0.8378378378378378,0.581081081081081,0.7702702702702703,0.5540540540540541,True,False,True,False,two_high_risk_indicators,True
Kolkata,286,42,69,1.6428571428571428,3.0476190476190474,0.40595238095238095,4,9,29,0.09523809523809523,0.21428571428571427,0.30952380952380953,0.8378378378378378,0.33783783783783783,0.8108108108108109,0.35135135135135137,True,False,True,False,two_high_risk_indicators,True
Kolkata,256,40,70,1.75,2.975,0.425,3,15,22,0.075,0.375,0.45,0.7972972972972973,0.21621621621621623,0.8243243243243243,0.4594594594594595,True,False,True,False,two_high_risk_indicators,True
Kolkata,253,39,63,1.6153846153846154,3.0,0.41282051282051285,6,13,20,0.15384615384615385,0.3333333333333333,0.48717948717948717,0.7837837837837838,0.6351351351351351,0.7837837837837838,0.40540540540540543,True,False,True,False,two_high_risk_indicators,True
Kolkata,263,35,74,2.1142857142857143,3.142857142857143,0.43,6,13,16,0.17142857142857143,0.37142857142857144,0.5428571428571428,0.7567567567567568,0.7027027027027027,0.8648648648648649,0.5,True,False,True,False,two_high_risk_indicators,True
Kolkata,241,33,66,2.0,3.1515151515151514,0.4393939393939394,9,9,15,0.2727272727272727,0.2727272727272727,0.5454545454545454,0.7432432432432432,0.9527027027027027,0.7972972972972973,0.581081081081081,False,True,True,False,two_high_risk_indicators,True
Kolkata,292,23,43,1.8695652173913044,3.0434782608695654,0.5065217391304347,5,4,14,0.21739130434782608,0.17391304347826086,0.391304347826087,0.668918918918919,0.8513513513513513,0.6891891891891891,0.8918918918918919,False,True,False,True,two_high_risk_indicators,True
Kolkata,264,18,35,1.9444444444444444,2.7777777777777777,0.4833333333333333,4,3,11,0.2222222222222222,0.16666666666666666,0.3888888888888889,0.6013513513513513,0.8716216216216216,0.6756756756756757,0.8513513513513513,False,True,False,True,two_high_risk_indicators,True
Mumbai,314,105,215,2.0476190476190474,3.1904761904761907,0.46095238095238095,25,36,44,0.23809523809523808,0.34285714285714286,0.580952380952381,0.875,0.9375,0.9375,0.8125,True,True,True,True,multiple_high_risk_indicators,True
Mumbai,323,88,164,1.8636363636363635,3.1136363636363638,0.3869318181818182,20,23,45,0.22727272727272727,0.26136363636363635,0.48863636363636365,0.8541666666666666,0.875,0.8333333333333334,0.14583333333333334,True,True,True,False,multiple_high_risk_indicators,True
Mumbai,320,74,117,1.5810810810810811,2.9864864864864864,0.4608108108108108,10,22,42,0.13513513513513514,0.2972972972972973,0.43243243243243246,0.8125,0.5,0.8125,0.7916666666666666,True,False,True,True,multiple_high_risk_indicators,True
Mumbai,313,66,114,1.7272727272727273,3.121212121212121,0.46742424242424246,13,22,31,0.19696969696969696,0.3333333333333333,0.5303030303030303,0.7708333333333334,0.8125,0.7916666666666666,0.8333333333333334,True,True,True,True,multiple_high_risk_indicators,True
Mumbai,321,60,113,1.8833333333333333,3.4,0.47750000000000004,10,17,33,0.16666666666666666,0.2833333333333333,0.45,0.75,0.7083333333333334,0.7708333333333334,0.9375,True,False,True,True,multiple_high_risk_indicators,True
Mumbai,327,54,92,1.7037037037037037,2.7037037037037037,0.4324074074074074,5,16,33,0.09259259259259259,0.2962962962962963,0.3888888888888889,0.7083333333333334,0.2708333333333333,0.7083333333333334,0.5625,False,False,False,False,no_top_quartile_indicator,False
Mumbai,343,22,34,1.5454545454545454,2.727272727272727,0.43409090909090914,0,7,15,0.0,0.3181818181818182,0.3181818181818182,0.5625,0.08333333333333333,0.5208333333333334,0.5833333333333334,False,False,False,False,no_top_quartile_indicator,False
Mumbai,332,21,32,1.5238095238095237,2.9523809523809526,0.41428571428571426,3,9,9,0.14285714285714285,0.42857142857142855,0.5714285714285714,0.53125,0.5625,0.46875,0.375,False,False,False,False,no_top_quartile_indicator,False
Mumbai,330,20,26,1.3,3.35,0.4375,1,7,12,0.05,0.35,0.4,0.5,0.16666666666666666,0.3958333333333333,0.6041666666666666,False,False,False,False,no_top_quartile_indicator,False
Mumbai,346,18,30,1.6666666666666667,3.1666666666666665,0.4305555555555556,3,4,11,0.16666666666666666,0.2222222222222222,0.3888888888888889,0.4791666666666667,0.7083333333333334,0.4375,0.5416666666666666,False,False,False,False,no_top_quartile_indicator,False
Mumbai,344,16,34,2.125,3.6875,0.409375,1,3,12,0.0625,0.1875,0.25,0.4270833333333333,0.1875,0.5208333333333334,0.23958333333333334,False,False,False,False,no_top_quartile_indicator,False
Mumbai,331,15,17,1.1333333333333333,2.533333333333333,0.35333333333333333,1,8,6,0.06666666666666667,0.5333333333333333,0.6,0.3645833333333333,0.20833333333333334,0.20833333333333334,0.041666666666666664,False,False,False,False,no_top_quartile_indicator,False
Mumbai,350,15,27,1.8,3.0,0.38333333333333336,2,6,7,0.13333333333333333,0.4,0.5333333333333333,0.3645833333333333,0.46875,0.4166666666666667,0.125,False,False,False,False,no_top_quartile_indicator,False
Mumbai,337,55,90,1.6363636363636365,2.8545454545454545,0.47454545454545455,9,20,26,0.16363636363636364,0.36363636363636365,0.5272727272727272,0.7291666666666666,0.6666666666666666,0.6875,0.9166666666666666,False,False,False,True,single_high_risk_indicator,True
Mumbai,345,45,70,1.5555555555555556,2.7333333333333334,0.47000000000000003,6,11,28,0.13333333333333333,0.24444444444444444,0.37777777777777777,0.6458333333333334,0.46875,0.6458333333333334,0.8541666666666666,False,False,False,True,single_high_risk_indicator,True
Mumbai,326,34,51,1.5,2.9705882352941178,0.4132352941176471,6,10,18,0.17647058823529413,0.29411764705882354,0.47058823529411764,0.6145833333333334,0.75,0.5833333333333334,0.3541666666666667,False,True,False,False,single_high_risk_indicator,True
Mumbai,338,34,61,1.7941176470588236,3.0294117647058822,0.4235294117647059,8,8,18,0.23529411764705882,0.23529411764705882,0.47058823529411764,0.6145833333333334,0.9166666666666666,0.625,0.4583333333333333,False,True,False,False,single_high_risk_indicator,True
Mumbai,340,31,54,1.7419354838709677,3.032258064516129,0.43870967741935485,7,12,12,0.22580645161290322,0.3870967741935484,0.6129032258064516,0.5833333333333334,0.8541666666666666,0.6041666666666666,0.6458333333333334,False,True,False,False,single_high_risk_indicator,True
Mumbai,329,21,46,2.1904761904761907,3.0,0.45714285714285713,3,6,12,0.14285714285714285,0.2857142857142857,0.42857142857142855,0.53125,0.5625,0.5625,0.75,False,False,False,True,single_high_risk_indicator,True
Mumbai,319,16,32,2.0,2.75,0.409375,3,2,11,0.1875,0.125,0.3125,0.4270833333333333,0.7916666666666666,0.46875,0.23958333333333334,False,True,False,False,single_high_risk_indicator,True
Mumbai,325,164,303,1.8475609756097562,3.1219512195121952,0.4301829268292683,24,53,87,0.14634146341463414,0.3231707317073171,0.4695121951219512,1.0,0.625,1.0,0.5208333333333334,True,False,True,False,two_high_risk_indicators,True
Mumbai,315,132,225,1.7045454545454546,2.9545454545454546,0.4147727272727273,17,44,71,0.12878787878787878,0.3333333333333333,0.4621212121212121,0.9791666666666666,0.4166666666666667,0.9791666666666666,0.3958333333333333,True,False,True,False,two_high_risk_indicators,True
Mumbai,333,116,184,1.5862068965517242,2.8620689655172415,0.4245689655172414,13,34,69,0.11206896551724138,0.29310344827586204,0.4051724137931034,0.9583333333333334,0.375,0.8958333333333334,0.4791666666666667,True,False,True,False,two_high_risk_indicators,True
Mumbai,324,114,191,1.6754385964912282,2.9298245614035086,0.4127192982456141,11,47,56,0.09649122807017543,0.41228070175438597,0.5087719298245614,0.9375,0.2916666666666667,0.9166666666666666,0.3333333333333333,True,False,True,False,two_high_risk_indicators,True
Mumbai,335,113,217,1.920353982300885,3.088495575221239,0.42168141592920355,15,36,62,0.13274336283185842,0.3185840707964602,0.45132743362831856,0.9166666666666666,0.4375,0.9583333333333334,0.4375,True,False,True,False,two_high_risk_indicators,True
Mumbai,317,110,180,1.6363636363636365,3.081818181818182,0.4113636363636364,13,36,61,0.11818181818181818,0.32727272727272727,0.44545454545454544,0.8958333333333334,0.3958333333333333,0.875,0.2916666666666667,True,False,True,False,two_high_risk_indicators,True
Mumbai,334,87,166,1.9080459770114941,3.32183908045977,0.42126436781609194,13,27,47,0.14942528735632185,0.3103448275862069,0.45977011494252873,0.8333333333333334,0.6458333333333334,0.8541666666666666,0.4166666666666667,True,False,True,False,two_high_risk_indicators,True
Mumbai,342,67,107,1.5970149253731343,2.7611940298507465,0.41044776119402987,5,25,37,0.07462686567164178,0.373134328358209,0.44776119402985076,0.7916666666666666,0.22916666666666666,0.75,0.2708333333333333,True,False,True,False,two_high_risk_indicators,True
Mumbai,328,51,88,1.7254901960784315,2.764705882352941,0.47058823529411764,11,17,23,0.21568627450980393,0.3333333333333333,0.5490196078431373,0.6875,0.8333333333333334,0.6666666666666666,0.875,False,True,False,True,two_high_risk_indicators,True
Mumbai,322,47,102,2.1702127659574466,3.4468085106382977,0.5021276595744681,11,15,21,0.23404255319148937,0.3191489361702128,0.5531914893617021,0.6666666666666666,0.8958333333333334,0.7291666666666666,0.9583333333333334,False,True,False,True,two_high_risk_indicators,True
Mumbai,336,16,20,1.25,2.5625,0.503125,5,2,9,0.3125,0.125,0.4375,0.4270833333333333,0.96875,0.2916666666666667,0.9791666666666666,False,True,False,True,two_high_risk_indicators,True
Mumbai,348,16,34,2.125,3.375,0.45937500000000003,5,4,7,0.3125,0.25,0.5625,0.4270833333333333,0.96875,0.5208333333333334,0.7708333333333334,False,True,False,True,two_high_risk_indicators,True
Pune,363,90,158,1.7555555555555555,2.7333333333333334,0.4616666666666666,20,20,50,0.2222222222222222,0.2222222222222222,0.4444444444444444,0.9714285714285714,0.8571428571428571,0.9714285714285714,0.7142857142857143,True,True,True,False,multiple_high_risk_indicators,True
Pune,379,74,156,2.108108108108108,3.1486486486486487,0.4736486486486486,17,28,29,0.22972972972972974,0.3783783783783784,0.6081081081081081,0.9428571428571428,0.8714285714285714,0.9571428571428572,0.8,True,True,True,True,multiple_high_risk_indicators,True
Pune,377,53,91,1.7169811320754718,2.6792452830188678,0.47547169811320755,10,13,30,0.18867924528301888,0.24528301886792453,0.4339622641509434,0.9071428571428571,0.7428571428571429,0.8714285714285714,0.8142857142857143,True,False,True,True,multiple_high_risk_indicators,True
Pune,398,37,71,1.9189189189189189,3.108108108108108,0.4094594594594595,7,12,18,0.1891891891891892,0.32432432432432434,0.5135135135135135,0.7928571428571428,0.7571428571428571,0.8142857142857143,0.3142857142857143,True,True,True,False,multiple_high_risk_indicators,True
Pune,393,31,40,1.2903225806451613,3.2903225806451615,0.4209677419354839,5,9,17,0.16129032258064516,0.2903225806451613,0.45161290322580644,0.7357142857142858,0.6,0.6571428571428571,0.4,False,False,False,False,no_top_quartile_indicator,False
Pune,375,26,49,1.8846153846153846,2.923076923076923,0.40576923076923077,2,6,18,0.07692307692307693,0.23076923076923078,0.3076923076923077,0.6928571428571428,0.2,0.7,0.2714285714285714,False,False,False,False,no_top_quartile_indicator,False
Pune,384,26,44,1.6923076923076923,3.0,0.35,3,9,14,0.11538461538461539,0.34615384615384615,0.46153846153846156,0.6928571428571428,0.3142857142857143,0.6857142857142857,0.014285714285714285,False,False,False,False,no_top_quartile_indicator,False
Pune,370,21,25,1.1904761904761905,2.4285714285714284,0.40476190476190477,3,7,11,0.14285714285714285,0.3333333333333333,0.47619047619047616,0.6571428571428571,0.5214285714285715,0.42857142857142855,0.2571428571428571,False,False,False,False,no_top_quartile_indicator,False
Pune,407,20,24,1.2,2.6,0.36,0,6,14,0.0,0.3,0.3,0.6357142857142857,0.07857142857142857,0.39285714285714285,0.07142857142857142,False,False,False,False,no_top_quartile_indicator,False
Pune,404,19,33,1.736842105263158,3.3157894736842106,0.3684210526315789,2,5,12,0.10526315789473684,0.2631578947368421,0.3684210526315789,0.6,0.2785714285714286,0.5928571428571429,0.11428571428571428,False,False,False,False,no_top_quartile_indicator,False
Pune,414,19,43,2.263157894736842,3.4210526315789473,0.36578947368421055,2,5,12,0.10526315789473684,0.2631578947368421,0.3684210526315789,0.6,0.2785714285714286,0.6714285714285714,0.1,False,False,False,False,no_top_quartile_indicator,False
Pune,372,16,29,1.8125,2.9375,0.4375,2,4,10,0.125,0.25,0.375,0.4642857142857143,0.37857142857142856,0.5285714285714286,0.5285714285714286,False,False,False,False,no_top_quartile_indicator,False
Pune,408,16,25,1.5625,2.6875,0.45,3,4,9,0.1875,0.25,0.4375,0.4642857142857143,0.7214285714285714,0.42857142857142855,0.6285714285714286,False,False,False,False,no_top_quartile_indicator,False
Pune,420,16,25,1.5625,3.1875,0.39375,1,5,10,0.0625,0.3125,0.375,0.4642857142857143,0.15714285714285714,0.42857142857142855,0.22857142857142856,False,False,False,False,no_top_quartile_indicator,False
Pune,422,16,20,1.25,2.5625,0.3625,0,4,12,0.0,0.25,0.25,0.4642857142857143,0.07857142857142857,0.30714285714285716,0.08571428571428572,False,False,False,False,no_top_quartile_indicator,False
Pune,418,15,14,0.9333333333333333,2.6666666666666665,0.4066666666666667,0,3,12,0.0,0.2,0.2,0.40714285714285714,0.07857142857142857,0.15,0.2857142857142857,False,False,False,False,no_top_quartile_indicator,False
Pune,405,32,54,1.6875,2.84375,0.4640625,4,10,18,0.125,0.3125,0.4375,0.7571428571428571,0.37857142857142856,0.7285714285714285,0.7285714285714285,True,False,False,False,single_high_risk_indicator,True
Pune,374,25,50,2.0,3.6,0.49200000000000005,4,8,13,0.16,0.32,0.48,0.6714285714285714,0.5857142857142857,0.7142857142857143,0.8714285714285714,False,False,False,True,single_high_risk_indicator,True
Pune,390,20,36,1.8,3.35,0.495,3,6,11,0.15,0.3,0.45,0.6357142857142857,0.5428571428571428,0.6285714285714286,0.9,False,False,False,True,single_high_risk_indicator,True
Pune,396,19,33,1.736842105263158,2.8947368421052633,0.4263157894736842,4,7,8,0.21052631578947367,0.3684210526315789,0.5789473684210527,0.6,0.8285714285714286,0.5928571428571429,0.45714285714285713,False,True,False,False,single_high_risk_indicator,True
Pune,387,18,24,1.3333333333333333,2.3333333333333335,0.4583333333333333,5,2,11,0.2777777777777778,0.1111111111111111,0.3888888888888889,0.5642857142857143,0.9071428571428571,0.39285714285714285,0.6857142857142857,False,True,False,False,single_high_risk_indicator,True
Pune,401,17,28,1.6470588235294117,3.2941176470588234,0.49411764705882355,2,7,8,0.11764705882352941,0.4117647058823529,0.5294117647058824,0.5285714285714286,0.32857142857142857,0.4928571428571429,0.8857142857142857,False,False,False,True,single_high_risk_indicator,True
Pune,388,16,23,1.4375,3.1875,0.47187500000000004,2,7,7,0.125,0.4375,0.5625,0.4642857142857143,0.37857142857142856,0.37142857142857144,0.7857142857142857,False,False,False,True,single_high_risk_indicator,True
Pune,416,16,30,1.875,3.3125,0.503125,3,4,9,0.1875,0.25,0.4375,0.4642857142857143,0.7214285714285714,0.55,0.9142857142857143,False,False,False,True,single_high_risk_indicator,True
Pune,366,15,28,1.8666666666666667,3.2,0.4533333333333333,3,3,9,0.2,0.2,0.4,0.40714285714285714,0.7928571428571428,0.4928571428571429,0.6571428571428571,False,True,False,False,single_high_risk_indicator,True
Pune,361,206,386,1.8737864077669903,3.0728155339805827,0.4077669902912621,31,53,122,0.15048543689320387,0.25728155339805825,0.4077669902912621,1.0,0.5571428571428572,1.0,0.3,True,False,True,False,two_high_risk_indicators,True
Pune,365,134,231,1.7238805970149254,2.9029850746268657,0.4533582089552239,24,38,72,0.1791044776119403,0.2835820895522388,0.4626865671641791,0.9857142857142858,0.6714285714285714,0.9857142857142858,0.6714285714285714,True,False,True,False,two_high_risk_indicators,True
Pune,380,81,108,1.3333333333333333,3.074074074074074,0.43765432098765433,11,21,49,0.13580246913580246,0.25925925925925924,0.3950617283950617,0.9571428571428572,0.4857142857142857,0.9428571428571428,0.5571428571428572,True,False,True,False,two_high_risk_indicators,True
Pune,376,58,106,1.8275862068965518,3.3275862068965516,0.44051724137931036,10,13,35,0.1724137931034483,0.22413793103448276,0.39655172413793105,0.9285714285714286,0.6428571428571429,0.9285714285714286,0.5714285714285714,True,False,True,False,two_high_risk_indicators,True
Pune,364,53,92,1.7358490566037736,2.9622641509433962,0.42452830188679247,8,16,29,0.1509433962264151,0.3018867924528302,0.4528301886792453,0.9071428571428571,0.5714285714285714,0.8857142857142857,0.42857142857142855,True,False,True,False,two_high_risk_indicators,True
Pune,378,52,86,1.6538461538461537,3.25,0.45000000000000007,7,15,30,0.1346153846153846,0.28846153846153844,0.4230769230769231,0.8857142857142857,0.45714285714285713,0.8571428571428571,0.6428571428571429,True,False,True,False,two_high_risk_indicators,True
Pune,381,51,82,1.607843137254902,3.156862745098039,0.4294117647058823,5,18,28,0.09803921568627451,0.35294117647058826,0.45098039215686275,0.8571428571428571,0.2571428571428571,0.8428571428571429,0.4714285714285714,True,False,True,False,two_high_risk_indicators,True
Pune,391,51,95,1.8627450980392157,3.3333333333333335,0.3735294117647059,7,12,32,0.13725490196078433,0.23529411764705882,0.37254901960784315,0.8571428571428571,0.5,0.9,0.14285714285714285,True,False,True,False,two_high_risk_indicators,True
Pune,394,51,102,2.0,2.980392156862745,0.4245098039215686,9,17,25,0.17647058823529413,0.3333333333333333,0.5098039215686274,0.8571428571428571,0.6571428571428571,0.9142857142857143,0.4142857142857143,True,False,True,False,two_high_risk_indicators,True
Pune,385,47,77,1.6382978723404256,2.4893617021276597,0.41914893617021276,6,15,26,0.1276595744680851,0.3191489361702128,0.44680851063829785,0.8285714285714286,0.42857142857142855,0.8285714285714286,0.38571428571428573,True,False,True,False,two_high_risk_indicators,True
Pune,400,43,63,1.4651162790697674,2.8372093023255816,0.39069767441860465,4,12,27,0.09302325581395349,0.27906976744186046,0.37209302325581395,0.8142857142857143,0.24285714285714285,0.75,0.18571428571428572,True,False,True,False,two_high_risk_indicators,True
Pune,368,37,65,1.7567567567567568,3.0,0.42567567567567566,5,15,17,0.13513513513513514,0.40540540540540543,0.5405405405405406,0.7928571428571428,0.4714285714285714,0.7857142857142857,0.44285714285714284,True,False,True,False,two_high_risk_indicators,True
Pune,369,33,64,1.9393939393939394,3.272727272727273,0.46060606060606063,6,6,21,0.18181818181818182,0.18181818181818182,0.36363636363636365,0.7714285714285715,0.6928571428571428,0.7714285714285715,0.7,True,False,True,False,two_high_risk_indicators,True
Pune,382,31,68,2.193548387096774,2.7096774193548385,0.5080645161290323,4,10,17,0.12903225806451613,0.3225806451612903,0.45161290322580644,0.7357142857142858,0.44285714285714284,0.8,0.9285714285714286,False,False,True,True,two_high_risk_indicators,True
Pune,386,28,63,2.25,3.0,0.4428571428571429,8,6,14,0.2857142857142857,0.21428571428571427,0.5,0.7142857142857143,0.9285714285714286,0.75,0.5857142857142857,False,True,True,False,two_high_risk_indicators,True
Pune,423,18,35,1.9444444444444444,2.888888888888889,0.48888888888888893,5,4,9,0.2777777777777778,0.2222222222222222,0.5,0.5642857142857143,0.9071428571428571,0.6142857142857143,0.8571428571428571,False,True,False,True,two_high_risk_indicators,True
Pune,383,17,31,1.8235294117647058,2.4705882352941178,0.5147058823529411,5,1,11,0.29411764705882354,0.058823529411764705,0.35294117647058826,0.5285714285714286,0.9428571428571428,0.5714285714285714,0.9571428571428572,False,True,False,True,two_high_risk_indicators,True
Pune,415,17,37,2.176470588235294,3.235294117647059,0.47058823529411764,4,6,7,0.23529411764705882,0.35294117647058826,0.5882352941176471,0.5285714285714286,0.8857142857142857,0.6428571428571429,0.7714285714285715,False,True,False,True,two_high_risk_indicators,True
